/*
Navicat MySQL Data Transfer

Source Server         : localhost_3306
Source Server Version : 50505
Source Host           : localhost:3306
Source Database       : OrganicFreshShop

Target Server Type    : MYSQL
Target Server Version : 50505
File Encoding         : 65001

Date: 2016-12-10 22:21:43
*/

SET FOREIGN_KEY_CHECKS=0;

-- ----------------------------
-- Table structure for Account
-- ----------------------------
DROP TABLE IF EXISTS `Account`;
CREATE TABLE `Account` (
  `User_Name` varchar(50) NOT NULL,
  `Active` bit(1) NOT NULL,
  `Password` varchar(50) NOT NULL,
  `User_Role` varchar(50) NOT NULL,
  `Name` varchar(50) DEFAULT NULL,
  `Address` varchar(300) DEFAULT NULL,
  `Email` varchar(200) DEFAULT NULL,
  `Phone` varchar(40) DEFAULT NULL,
  PRIMARY KEY (`User_Name`)
) ENGINE=InnoDB DEFAULT CHARSET=latin1;

-- ----------------------------
-- Records of Account
-- ----------------------------
INSERT INTO `Account` VALUES ('buidoanngoc', '', 'abcd', 'USER', 'hung bui', '12 lang thuong', 'buiduchung.bkhn@gmail.com', '+841677533388');
INSERT INTO `Account` VALUES ('changtraiyeudoi171288', '', 'abcd', 'USER', 'Bui Duc Hung', '34 Duong Lang, quan Dong Da, Ha Noi', 'buiduchung.bkhn@gmail.com', '+841677533388');
INSERT INTO `Account` VALUES ('employee1', '', 'abcd', 'EMPLOYEE', 'bui doan ngoc', '6b Tho nhuom', 'abc@gmail.com', '+841677533388');
INSERT INTO `Account` VALUES ('hungbui', '', '1234', 'USER', 'bui duc hung dep trai', '92c/1, ngo 1194 duong Lang, quan Dong Da', 'buiduchung.bkhn@testing.com', '+8412345678');
INSERT INTO `Account` VALUES ('hungbuitesting', '', '1234', 'USER', 'bui duc hung dep trai', '92c/1, ngo 1194 duong Lang, quan Dong Da', 'buiduchung.bkhn@testing.com', '+8412345678');
INSERT INTO `Account` VALUES ('hungdeptrai1994', '', 'abcd', 'USER', 'hung bui', 'lang thuong', 'buiduchung.bkhn@gmail.com', '1677533388');
INSERT INTO `Account` VALUES ('manager1', '', 'abcd', 'MANAGER', 'nguyen van a', '565 Phan Dinh Phung', 'bvc@gmail.com', '+841677533388');
INSERT INTO `Account` VALUES ('sadekyo', '', 'abcd', 'USER', 'nguyen van b', '3445/343 Chua Lang', 'java@hotmail.com', '+841677533388');
INSERT INTO `Account` VALUES ('sadekyo17122312', '', 'abcd', 'USER', 'hung nguyen', '45/232 lang thuong', 'cpp@hotmail.com', '+841677533388');
INSERT INTO `Account` VALUES ('sadekyo17122312dsfsdfs', '', 'abcd', 'USER', 'hung tran', '342/343 lang thuong', 'bkhn@gmail.com', '+841677533388');
INSERT INTO `Account` VALUES ('sadekyo171288dfd', '', 'abcd', 'USER', 'hung thanh', 'ngo 3423 lang thuong', 'buiduchung.bkhn@gmail.com', '+841677533388');
INSERT INTO `Account` VALUES ('sdk1234', '', 'abcd', 'SUPPLIER', 'HUNG BUI', '12 cua nam', 'sdk@skymail.com', '+841677533388');
INSERT INTO `Account` VALUES ('user_abcd', '\0', 'abcd', 'USER', 'tran thanh tam', '45 Ly thuong kiet', 'bcd@yahoo.com', '+841677533388');

-- ----------------------------
-- Table structure for Order_Details
-- ----------------------------
DROP TABLE IF EXISTS `Order_Details`;
CREATE TABLE `Order_Details` (
  `ID` varchar(100) NOT NULL,
  `Amount` double NOT NULL,
  `Price` double NOT NULL,
  `Quantity` int(11) NOT NULL,
  `ORDER_ID` varchar(100) NOT NULL,
  `PRODUCT_ID` varchar(200) NOT NULL,
  PRIMARY KEY (`ID`),
  KEY `ORDER_DETAIL_ORD_FK` (`ORDER_ID`),
  KEY `ORDER_DETAIL_PROD_FK` (`PRODUCT_ID`),
  CONSTRAINT `ORDER_DETAIL_ORD_FK` FOREIGN KEY (`ORDER_ID`) REFERENCES `Orders` (`ID`),
  CONSTRAINT `ORDER_DETAIL_PROD_FK` FOREIGN KEY (`PRODUCT_ID`) REFERENCES `Products` (`Code`)
) ENGINE=InnoDB DEFAULT CHARSET=latin1;

-- ----------------------------
-- Records of Order_Details
-- ----------------------------
INSERT INTO `Order_Details` VALUES ('00c708ca-0ecb-4e68-8958-1c6c58f9a6fa', '1600000', '100000', '16', 'b6329e57-e81b-42e9-8674-e6050a1be320', 'S19');
INSERT INTO `Order_Details` VALUES ('0400ea9a-5abb-4b79-9dcf-4150c14e3cea', '2929441', '2929441', '1', '3f11996f-2faa-4347-b3ef-d17c434c76da', 'fbec14e5-8eef-4f38-a759-8d05f442ca61');
INSERT INTO `Order_Details` VALUES ('06cf2b78-24a1-4462-a1be-3a7c589437f7', '1800000', '150000', '12', 'c39cfaff-70d7-46c1-bf24-f1e583538fa5', 'S16');
INSERT INTO `Order_Details` VALUES ('0bd636ef-1ad5-4a87-b68e-7af263c38bc5', '300000', '25000', '12', '3f11996f-2faa-4347-b3ef-d17c434c76da', 'S9');
INSERT INTO `Order_Details` VALUES ('0eb5b029-75c3-4298-bd53-6d0a0938236f', '1600000', '100000', '16', 'dc75c5fb-c730-4dd1-a1eb-316c9be56b84', 'S19');
INSERT INTO `Order_Details` VALUES ('1234', '290000', '290000', '1', 'id2', 'S2');
INSERT INTO `Order_Details` VALUES ('18fd621a-f52d-4c74-9609-833f028bb9e5', '1383382', '1383382', '1', '381478e0-e650-4090-a7a6-f9756073f25b', '9689587b-d16c-4e22-bafd-ae96d840cfa4');
INSERT INTO `Order_Details` VALUES ('224a9aee-45ec-4799-9560-70bf6b952a86', '6916910', '1383382', '5', 'e74a9e77-7b45-42bd-bd25-1720f358799a', '9689587b-d16c-4e22-bafd-ae96d840cfa4');
INSERT INTO `Order_Details` VALUES ('2312', '400000', '400000', '1', 'id3', 'S12');
INSERT INTO `Order_Details` VALUES ('24984e5c-5822-4bc2-bb13-5654065f10aa', '4400000', '550000', '8', 'b6329e57-e81b-42e9-8674-e6050a1be320', 'S5');
INSERT INTO `Order_Details` VALUES ('24a07abf-4880-4fd4-ac8a-dc3c5540f8d7', '4816731', '1605577', '3', '752f98e9-ec3e-4be5-aff4-6b068f71b8fd', 'defeba05-9c84-4c8d-a007-74a347204385');
INSERT INTO `Order_Details` VALUES ('25407c83-3671-4cce-8138-8c93e992b662', '4400000', '550000', '8', '8f0a429a-9f82-475a-8877-c92b5277a4d7', 'S5');
INSERT INTO `Order_Details` VALUES ('281de1cf-dc23-4d2a-96ad-1d270b790e5a', '1800000', '150000', '12', '4919d8aa-cd87-4329-a21d-aac53f93477d', 'S16');
INSERT INTO `Order_Details` VALUES ('283d149d-145c-4e1d-b70b-44671ab486ef', '1600000', '100000', '16', 'efa0b737-e671-4bd6-aa44-28c16731711f', 'S19');
INSERT INTO `Order_Details` VALUES ('2db6b5ce-efe2-4b8d-98dc-80b51c4b7ce3', '1800000', '150000', '12', 'efa0b737-e671-4bd6-aa44-28c16731711f', 'S16');
INSERT INTO `Order_Details` VALUES ('2ec93b69-0be2-4efb-9072-53b96526c8cc', '4400000', '550000', '8', 'ed140da7-6bc3-418a-b3f2-5b6268b1bdea', 'S5');
INSERT INTO `Order_Details` VALUES ('2f3f0689-5935-480e-807d-3c9d4679d6cb', '4400000', '550000', '8', 'efa0b737-e671-4bd6-aa44-28c16731711f', 'S5');
INSERT INTO `Order_Details` VALUES ('3423', '290000', '290000', '1', 'id3', 'S8');
INSERT INTO `Order_Details` VALUES ('3991a04b-030b-462f-a7ac-d6a57b66ec87', '1800000', '150000', '12', '8f0a429a-9f82-475a-8877-c92b5277a4d7', 'S16');
INSERT INTO `Order_Details` VALUES ('3bfbe91f-4409-4e92-9e67-3dc53f0140d5', '4400000', '550000', '8', '76511a8a-5f97-4fa3-b958-f5168c4cd0ad', 'S22');
INSERT INTO `Order_Details` VALUES ('3de228f3-c4ad-4a78-b49f-d8708ccf1fd0', '1600000', '100000', '16', 'bef9634b-1803-48a0-9e4c-de952629fd4f', 'S19');
INSERT INTO `Order_Details` VALUES ('4256e829-22d7-4266-8b21-8423d5d1c3b1', '4400000', '550000', '8', 'b174fe4a-4262-4921-8b54-2559ae3603fc', 'S22');
INSERT INTO `Order_Details` VALUES ('43e87a06-8183-4c43-bf57-7637a4fc4009', '1800000', '150000', '12', 'dc75c5fb-c730-4dd1-a1eb-316c9be56b84', 'S16');
INSERT INTO `Order_Details` VALUES ('450ccc93-381d-4ae1-a8e1-4e43e8c9b88b', '2750000', '550000', '5', '381478e0-e650-4090-a7a6-f9756073f25b', 'S4');
INSERT INTO `Order_Details` VALUES ('4567', '700000', '350000', '2', 'id1', 'S14');
INSERT INTO `Order_Details` VALUES ('46671459-bbdb-4dc3-9207-74ed56a7f34a', '1600000', '100000', '16', '4919d8aa-cd87-4329-a21d-aac53f93477d', 'S19');
INSERT INTO `Order_Details` VALUES ('47d50a49-ddd8-4664-9f47-179b2d2f61c9', '4400000', '550000', '8', '57e902db-8861-4aeb-9258-9edecb9f3970', 'S5');
INSERT INTO `Order_Details` VALUES ('49faab06-580a-4394-918d-f7baf52f9d8e', '1600000', '100000', '16', 'c39cfaff-70d7-46c1-bf24-f1e583538fa5', 'S19');
INSERT INTO `Order_Details` VALUES ('4d40b4c8-4e78-4611-8585-9bd57777ed89', '1144842', '1144842', '1', '752f98e9-ec3e-4be5-aff4-6b068f71b8fd', 'f6f95de7-50b7-41e7-ae00-5626008209f3');
INSERT INTO `Order_Details` VALUES ('5593fb35-4e72-49da-94c4-da2bfe97a9aa', '290000', '290000', '1', '752f98e9-ec3e-4be5-aff4-6b068f71b8fd', 'S2');
INSERT INTO `Order_Details` VALUES ('55f5dc44-91a2-479f-a5e7-3b5d1346218a', '1800000', '150000', '12', '57e902db-8861-4aeb-9258-9edecb9f3970', 'S16');
INSERT INTO `Order_Details` VALUES ('61d371f3-6f87-4ae3-9fad-1db04a92a004', '1770000', '590000', '3', 'ccf0507c-3b88-472e-aeb2-41d38cf50c8c', 'S22');
INSERT INTO `Order_Details` VALUES ('6430169e-b421-4cc1-b212-b4566bd7bf3d', '1800000', '150000', '12', 'bef9634b-1803-48a0-9e4c-de952629fd4f', 'S16');
INSERT INTO `Order_Details` VALUES ('663d4319-b52d-43a5-a11e-f27d498816f4', '4400000', '550000', '8', '90777c5c-e455-47d2-9c7f-8f9570076a4b', 'S22');
INSERT INTO `Order_Details` VALUES ('6774cfab-0594-4f88-832e-479efb3fbc9b', '2950000', '590000', '5', '3b886bab-cf35-41f6-9139-e22ca279cba3', 'S22');
INSERT INTO `Order_Details` VALUES ('6a0d0247-447a-4fa8-ab31-938a6c941dcc', '1800000', '150000', '12', '93c64024-ecb4-4b47-b778-012fa4e4d9d6', 'S16');
INSERT INTO `Order_Details` VALUES ('6c7f0069-eba5-4380-a6f4-b0a5588643f9', '1800000', '150000', '12', 'dee6ce25-cb96-4cb9-91fc-b9c0554649de', 'S16');
INSERT INTO `Order_Details` VALUES ('6d408233-3a33-477f-9d61-8a5d9dc24338', '1600000', '100000', '16', '80884d54-e183-46fe-9a69-8214dfb7a170', 'S19');
INSERT INTO `Order_Details` VALUES ('6f86d10e-041e-44a3-96af-5f51539ccad9', '4400000', '550000', '8', 'bef9634b-1803-48a0-9e4c-de952629fd4f', 'S5');
INSERT INTO `Order_Details` VALUES ('72c29988-9f6a-455f-9523-3eefb04c9ee8', '4400000', '550000', '8', 'c39cfaff-70d7-46c1-bf24-f1e583538fa5', 'S5');
INSERT INTO `Order_Details` VALUES ('7ce5238e-7590-44d6-85bd-e48f69f2f7b5', '1600000', '100000', '16', '8f0a429a-9f82-475a-8877-c92b5277a4d7', 'S19');
INSERT INTO `Order_Details` VALUES ('7f733293-13f9-4b05-b072-cf8ddf128555', '1800000', '150000', '12', 'b6329e57-e81b-42e9-8674-e6050a1be320', 'S16');
INSERT INTO `Order_Details` VALUES ('8061b941-07cd-4a7b-a2fe-b73eaa701513', '5851740', '1170348', '5', 'ed40e16b-8491-45c7-84df-1b8e0a2a2d00', '4fc822bc-8687-4318-aa42-0542fb46144b');
INSERT INTO `Order_Details` VALUES ('862e3dd2-f7dd-46dc-ad71-19ded5a8dc94', '290000', '290000', '1', '86d1d1fd-641d-4667-8d78-3b87ce0216d5', 'S2');
INSERT INTO `Order_Details` VALUES ('8a60c2f3-d50e-4bcf-89e3-8480ffbebfee', '1600000', '100000', '16', 'dee6ce25-cb96-4cb9-91fc-b9c0554649de', 'S19');
INSERT INTO `Order_Details` VALUES ('9011', '190000', '190000', '1', 'id1', 'S1');
INSERT INTO `Order_Details` VALUES ('9076a05c-85b3-40bf-9f6f-0c581270dffb', '1800000', '150000', '12', 'ed140da7-6bc3-418a-b3f2-5b6268b1bdea', 'S16');
INSERT INTO `Order_Details` VALUES ('99a8fe10-d0de-4769-92fc-760d37142e15', '4400000', '550000', '8', '80884d54-e183-46fe-9a69-8214dfb7a170', 'S5');
INSERT INTO `Order_Details` VALUES ('9c2f749b-c285-4d17-bf03-35a3675db11d', '1770000', '590000', '3', 'fd8843c3-6a0f-4564-aed6-b968b0836e55', 'S22');
INSERT INTO `Order_Details` VALUES ('a0035105-8436-4b29-93ac-68e6b527c63e', '1800000', '150000', '12', '3b886bab-cf35-41f6-9139-e22ca279cba3', 'S16');
INSERT INTO `Order_Details` VALUES ('a345e71f-5252-4e10-8f12-adec3065afed', '601832', '601832', '1', '752f98e9-ec3e-4be5-aff4-6b068f71b8fd', '79a069d5-2546-45df-99ab-3117071fc31d');
INSERT INTO `Order_Details` VALUES ('ab2b5102-1f43-4dda-932a-00d056971a57', '4400000', '550000', '8', 'dee6ce25-cb96-4cb9-91fc-b9c0554649de', 'S5');
INSERT INTO `Order_Details` VALUES ('acb777f4-2dab-4b8f-8d9d-1b7bd4124597', '4400000', '550000', '8', 'bf6e349d-573e-4fb8-8794-beb40ea2b485', 'S5');
INSERT INTO `Order_Details` VALUES ('ae801c92-0f51-4e51-a76c-61152defdcb5', '4400000', '550000', '8', '85ffe809-2b82-4c01-89bc-fded7d3ae928', 'S22');
INSERT INTO `Order_Details` VALUES ('b840d1d8-29f5-4d6b-83e0-7d9cc5c2796b', '1800000', '150000', '12', '80884d54-e183-46fe-9a69-8214dfb7a170', 'S16');
INSERT INTO `Order_Details` VALUES ('bd8b5743-c54e-4c55-b93b-88f3175a3119', '1800000', '150000', '12', 'bf6e349d-573e-4fb8-8794-beb40ea2b485', 'S16');
INSERT INTO `Order_Details` VALUES ('bf7b8de0-9e9c-40a9-8444-5843d2e7afad', '750000', '150000', '5', '76511a8a-5f97-4fa3-b958-f5168c4cd0ad', 'S12');
INSERT INTO `Order_Details` VALUES ('c2d7aef5-6c21-4ee5-ad0c-b556e9706821', '1600000', '100000', '16', '93c64024-ecb4-4b47-b778-012fa4e4d9d6', 'S19');
INSERT INTO `Order_Details` VALUES ('c653f215-1883-4334-bbd1-bbba5be20d26', '1600000', '100000', '16', 'bf6e349d-573e-4fb8-8794-beb40ea2b485', 'S19');
INSERT INTO `Order_Details` VALUES ('cfdc311b-6fac-49bb-a2f8-f1831054b41b', '1600000', '100000', '16', '57e902db-8861-4aeb-9258-9edecb9f3970', 'S19');
INSERT INTO `Order_Details` VALUES ('d41cbdb1-fc1f-4879-90df-6b3374e2d6a2', '55335280', '1383382', '40', '9322e6e1-202b-44fa-b6f1-4205b6e97e65', '9689587b-d16c-4e22-bafd-ae96d840cfa4');
INSERT INTO `Order_Details` VALUES ('d54e733f-d17f-46f0-af48-da19503f9c82', '750000', '150000', '5', '90777c5c-e455-47d2-9c7f-8f9570076a4b', 'S12');
INSERT INTO `Order_Details` VALUES ('d7d63b9d-789c-4be2-b06a-a457de6355ba', '4400000', '550000', '8', '4919d8aa-cd87-4329-a21d-aac53f93477d', 'S5');
INSERT INTO `Order_Details` VALUES ('d9bf7fd2-530d-4048-8f30-73c5a2a79ede', '500000', '100000', '5', 'fd8843c3-6a0f-4564-aed6-b968b0836e55', 'S17');
INSERT INTO `Order_Details` VALUES ('e134901a-dc78-49a8-abbf-bcbcaa921fa2', '4400000', '550000', '8', '93c64024-ecb4-4b47-b778-012fa4e4d9d6', 'S5');
INSERT INTO `Order_Details` VALUES ('e9f34339-1c52-4e4a-995e-351170653f2f', '4400000', '550000', '8', 'dc75c5fb-c730-4dd1-a1eb-316c9be56b84', 'S5');
INSERT INTO `Order_Details` VALUES ('f3fdeeae-d8fc-41e0-845b-63b3d2f9472b', '500000', '100000', '5', '3b886bab-cf35-41f6-9139-e22ca279cba3', 'S17');
INSERT INTO `Order_Details` VALUES ('f4f96440-8f86-4d1c-b5d8-46602e44d0c6', '190000', '190000', '1', '48e7d38a-e573-4a82-b1ae-1fb43f13acc5', 'S1');
INSERT INTO `Order_Details` VALUES ('fadafb4e-dfdf-4424-aac6-55f6d5f0be9f', '1600000', '100000', '16', 'ed140da7-6bc3-418a-b3f2-5b6268b1bdea', 'S19');

-- ----------------------------
-- Table structure for Orders
-- ----------------------------
DROP TABLE IF EXISTS `Orders`;
CREATE TABLE `Orders` (
  `ID` varchar(100) NOT NULL,
  `Amount` double NOT NULL,
  `Customer_Address` varchar(300) NOT NULL,
  `Customer_Email` varchar(200) NOT NULL,
  `Customer_Name` varchar(200) NOT NULL,
  `Customer_Phone` varchar(100) NOT NULL,
  `Order_Date` datetime NOT NULL,
  `Order_Num` int(11) NOT NULL,
  PRIMARY KEY (`ID`),
  UNIQUE KEY `UNIQUE_KEY` (`Order_Num`)
) ENGINE=InnoDB DEFAULT CHARSET=latin1;

-- ----------------------------
-- Records of Orders
-- ----------------------------
INSERT INTO `Orders` VALUES ('04b04aae-098f-493e-87ff-807638b0524d', '5310146', '92c/1 ngo 1194, duong Lang quan Dong Da, Ha  Noi', 'buidoanngoc@testing.com', 'Bui Doan Ngoc', '01237818866', '2016-12-09 21:12:20', '29');
INSERT INTO `Orders` VALUES ('10f54db4-8578-41ee-9357-a8173f222770', '1144842', 'lang thuong', 'buiduchung.bkhn@gmail.com', 'hung bui 1234', '1677533388', '2016-12-09 20:55:44', '25');
INSERT INTO `Orders` VALUES ('381478e0-e650-4090-a7a6-f9756073f25b', '4133382', 'lang thuong', 'buiduchung.bkhn@gmail.com', 'hung bui', '1677533388', '2016-12-09 22:09:47', '35');
INSERT INTO `Orders` VALUES ('3b886bab-cf35-41f6-9139-e22ca279cba3', '5250000', '92c/1, ngo 1194', 'test@test.com', 'bui duc hung', '+842312312', '2016-12-08 11:37:38', '9');
INSERT INTO `Orders` VALUES ('3f11996f-2faa-4347-b3ef-d17c434c76da', '3229441', 'lang thuong', 'buiduchung.bkhn@gmail.com', 'hung bui', '1677533388', '2016-12-10 00:41:24', '37');
INSERT INTO `Orders` VALUES ('48e7d38a-e573-4a82-b1ae-1fb43f13acc5', '190000', 'lang thuong', 'buiduchung.bkhn@gmail.com', 'hung bui dep trai 1234', '1677533388', '2016-12-09 21:03:12', '27');
INSERT INTO `Orders` VALUES ('4919d8aa-cd87-4329-a21d-aac53f93477d', '7800000', '565 Phan Dinh Phung', 'bvc@gmail.com', 'nguyen van a', '+841677533388', '2016-12-08 13:00:21', '21');
INSERT INTO `Orders` VALUES ('57e902db-8861-4aeb-9258-9edecb9f3970', '7800000', '565 Phan Dinh Phung', 'bvc@gmail.com', 'nguyen van a', '+841677533388', '2016-12-08 11:59:44', '12');
INSERT INTO `Orders` VALUES ('5c6dad5a-2b2c-42d5-92fd-9ab696bab6bf', '1144842', 'lang thuong', 'buiduchung.bkhn@gmail.com', 'hung bui', '1677533388', '2016-12-09 21:14:49', '30');
INSERT INTO `Orders` VALUES ('72d3c5f0-ddd4-4ecf-987a-b8309e51a4d2', '13332335', 'lang thuong', 'buiduchung.bkhn@gmail.com', 'hung bui', '1677533388', '2016-12-09 21:26:03', '32');
INSERT INTO `Orders` VALUES ('73987ad1-5233-4e91-a85c-659230aac4cc', '1383382', 'lang thuong', 'buiduchung.bkhn@gmail.com', 'hung bui', '1677533388', '2016-12-09 20:58:52', '26');
INSERT INTO `Orders` VALUES ('752f98e9-ec3e-4be5-aff4-6b068f71b8fd', '6853405', 'lang thuong', 'buiduchung.bkhn@gmail.com', 'hung bui', '1677533388', '2016-12-09 21:41:35', '34');
INSERT INTO `Orders` VALUES ('76511a8a-5f97-4fa3-b958-f5168c4cd0ad', '5150000', '92c/1, ngo 1194', 'test@test.com', 'bui duc hung', '+842312312', '2016-12-08 11:25:26', '7');
INSERT INTO `Orders` VALUES ('80884d54-e183-46fe-9a69-8214dfb7a170', '7800000', '565 Phan Dinh Phung', 'bvc@gmail.com', 'nguyen van a', '+841677533388', '2016-12-08 13:00:21', '22');
INSERT INTO `Orders` VALUES ('84e71023-1e51-4a67-b848-47f0563ccfa0', '2766764', 'lang thuong', 'buiduchung.bkhn@gmail.com', 'hung bui', '1677533388', '2016-12-09 21:18:34', '31');
INSERT INTO `Orders` VALUES ('85ffe809-2b82-4c01-89bc-fded7d3ae928', '5150000', '92c/1, ngo 1194', 'test@test.com', 'bui duc hung', '+842312312', '2016-12-08 11:19:43', '4');
INSERT INTO `Orders` VALUES ('86d1d1fd-641d-4667-8d78-3b87ce0216d5', '290000', 'lang thuong', 'buiduchung.bkhn@gmail.com', 'hung bui', '1677533388', '2016-12-09 21:07:20', '28');
INSERT INTO `Orders` VALUES ('8f0a429a-9f82-475a-8877-c92b5277a4d7', '7800000', '565 Phan Dinh Phung', 'bvc@gmail.com', 'nguyen van a', '+841677533388', '2016-12-08 12:52:38', '16');
INSERT INTO `Orders` VALUES ('90777c5c-e455-47d2-9c7f-8f9570076a4b', '5150000', '92c/1, ngo 1194', 'test@test.com', 'bui duc hung', '+842312312', '2016-12-08 11:25:13', '6');
INSERT INTO `Orders` VALUES ('9322e6e1-202b-44fa-b6f1-4205b6e97e65', '55335280', 'lang thuong', 'buiduchung.bkhn@gmail.com', 'hung bui', '1677533388', '2016-12-10 13:53:31', '38');
INSERT INTO `Orders` VALUES ('93c64024-ecb4-4b47-b778-012fa4e4d9d6', '7800000', '565 Phan Dinh Phung', 'bvc@gmail.com', 'nguyen van a', '+841677533388', '2016-12-08 12:56:47', '19');
INSERT INTO `Orders` VALUES ('b174fe4a-4262-4921-8b54-2559ae3603fc', '4850000', '92c/1, ngo 1194', 'test@test.com', 'bui duc hung', '+842312312', '2016-12-08 11:24:53', '5');
INSERT INTO `Orders` VALUES ('b6329e57-e81b-42e9-8674-e6050a1be320', '7800000', '565 Phan Dinh Phung', 'bvc@gmail.com', 'nguyen van a', '+841677533388', '2016-12-08 12:51:24', '14');
INSERT INTO `Orders` VALUES ('bef9634b-1803-48a0-9e4c-de952629fd4f', '7800000', '565 Phan Dinh Phung', 'bvc@gmail.com', 'nguyen van a', '+841677533388', '2016-12-08 12:54:41', '17');
INSERT INTO `Orders` VALUES ('bf6e349d-573e-4fb8-8794-beb40ea2b485', '7800000', '565 Phan Dinh Phung', 'bvc@gmail.com', 'nguyen van a', '+841677533388', '2016-12-08 12:56:47', '20');
INSERT INTO `Orders` VALUES ('c39cfaff-70d7-46c1-bf24-f1e583538fa5', '7800000', '565 Phan Dinh Phung', 'bvc@gmail.com', 'nguyen van a', '+841677533388', '2016-12-08 11:59:44', '11');
INSERT INTO `Orders` VALUES ('ccf0507c-3b88-472e-aeb2-41d38cf50c8c', '1770000', 'lang thuong', 'buiduchung.bkhn@gmail.com', 'hung bui', '1677533388', '2016-12-09 20:49:15', '23');
INSERT INTO `Orders` VALUES ('dc75c5fb-c730-4dd1-a1eb-316c9be56b84', '7800000', '565 Phan Dinh Phung', 'bvc@gmail.com', 'nguyen van a', '+841677533388', '2016-12-08 11:49:43', '10');
INSERT INTO `Orders` VALUES ('dee6ce25-cb96-4cb9-91fc-b9c0554649de', '7800000', '565 Phan Dinh Phung', 'bvc@gmail.com', 'nguyen van a', '+841677533388', '2016-12-08 12:51:24', '13');
INSERT INTO `Orders` VALUES ('e6ba77e6-d46c-487c-9660-2a9fd990371b', '1383382', 'tho nhuom, hoan kiem', 'buiduchung.bkhn@gmail.com', 'hung dep trai cuc ky', '1677533388', '2016-12-09 20:50:27', '24');
INSERT INTO `Orders` VALUES ('e74a9e77-7b45-42bd-bd25-1720f358799a', '6916910', 'lang thuong', 'buiduchung.bkhn@gmail.com', 'hung bui', '1677533388', '2016-12-09 21:39:07', '33');
INSERT INTO `Orders` VALUES ('ed140da7-6bc3-418a-b3f2-5b6268b1bdea', '7800000', '565 Phan Dinh Phung', 'bvc@gmail.com', 'nguyen van a', '+841677533388', '2016-12-08 12:52:38', '15');
INSERT INTO `Orders` VALUES ('ed40e16b-8491-45c7-84df-1b8e0a2a2d00', '5851740', 'lang thuong', 'buiduchung.bkhn@gmail.com', 'hung bui', '1677533388', '2016-12-09 22:11:51', '36');
INSERT INTO `Orders` VALUES ('efa0b737-e671-4bd6-aa44-28c16731711f', '7800000', '565 Phan Dinh Phung', 'bvc@gmail.com', 'nguyen van a', '+841677533388', '2016-12-08 12:54:41', '18');
INSERT INTO `Orders` VALUES ('fd8843c3-6a0f-4564-aed6-b968b0836e55', '2270000', '92c/1, ngo 1194', 'test@test.com', 'bui duc hung', '+842312312', '2016-12-08 11:31:06', '8');
INSERT INTO `Orders` VALUES ('id1', '890000', '6b Tho nhuom', 'buiduchung@gmail.com', 'Bui Duc Hung', '+841677523377', '2016-12-06 10:24:30', '1');
INSERT INTO `Orders` VALUES ('id2', '290000', '57A Ly thuong kiet', 'buiduchung@gmail.com', 'Bui Doan Ngoc', '+841677523377', '2016-12-05 10:25:26', '2');
INSERT INTO `Orders` VALUES ('id3', '400000', '5347A Ly thuong kiet', 'buiduchung@gmail.com', 'Nguyen Thi Ngoc Dung', '+841656756755', '2016-12-17 10:27:30', '3');

-- ----------------------------
-- Table structure for Products
-- ----------------------------
DROP TABLE IF EXISTS `Products`;
CREATE TABLE `Products` (
  `Code` varchar(200) CHARACTER SET latin1 NOT NULL,
  `Create_Date` datetime NOT NULL,
  `Image` longblob,
  `Name` varchar(300) CHARACTER SET latin1 NOT NULL,
  `Price` double NOT NULL,
  `Description` varchar(4000) DEFAULT NULL,
  `URI` varchar(1000) DEFAULT NULL,
  PRIMARY KEY (`Code`)
) ENGINE=InnoDB DEFAULT CHARSET=utf8;

-- ----------------------------
-- Records of Products
-- ----------------------------
INSERT INTO `Products` VALUES ('04b8d64b-118f-401b-a29a-de0105743867', '2016-12-08 12:54:41', null, 'Cay la giang', '1241854', 'Cây Tha La hay còn gọi là cây Đầu Lân, Hàm Rồng, cây Sala… Cây có nguồn gốc từ Nam Mỹ.\nCây Tha La là loài cây rất dễ sống, thích nghi với môi trường rất tốt, thích hợp với nhiều loại đất khác nhau như: đất nhiễm phèn, đất thịt, đất pha cát, đất úng nước…\n\nCây Tha La là cây thân gỗ lớn, thân thẳng, tán rộng, lá dày, cây có thể cao 20m đến 30m.\nHoa Tha La ra từ thân cây, suốt từ gốc lên, chùm hoa dài ra liên tục có thể tới 2-3m. Hoa có màu cam lẫn đỏ thắm và hồng, và mọc thành chùm trên cọng dài có khi tới 3m. Hoa Tha La trổ hoa quanh năm tạo ra vẻ đẹp thẩm mỹ, giúp tâm hồn con người thư thái, bình an.\n\nNgoài ra, trồng cây Tha La giúp ta có được dược liệu từ quả, từ đó bào chế ra thuốc kháng sinh, kháng nấm, sát khuẩn và có tác dụng giảm đau. Nước uống làm từ các lá được sử dụng để chữa bệnh da.\n\nCây Tha La là loài cây mang ý nghĩa thiêng liêng đối với Phật giáo, là nơi Đức Phật sinh ra. Vì thế ngày nay, ngoài cây bồ-đề, cây Tha La cũng được trồng tại các khuôn viên của các chùa.', '/resources/images/pic1.jpg');
INSERT INTO `Products` VALUES ('0c0b57d6-332e-4964-ab36-25581b6a5597', '2016-12-08 12:54:41', null, 'Cay hong leo tuong vi', '1353135', 'CÁCH CHẾ BIẾN (trích nguồn ngocdiepsite)\n\nCÁCH HẤP :\n\nRửa sạch lá ,cắt khúc chiều dài khoảng 2 lóng tay là dể ăn nhất ,sau khi cắt để KALE 5 phút sau mới hấp khoảng 4,5 phút là chín ,đừng làm chín quá chất bổ bị tiêu trừ thất thoát 1 ít, do đó 4 hay 5 phút hấp hoặc cho vào microwave 2, 3 phút là đủ ,ăn với chút xì dầu maggie và 1 chút nước cốt chanh, mình thì ăn không chắm gì cả ăn không mà thôi.\n\nCÁCH XÀO :\n\nCó thể cho vào cuối cùng khi xào với các loại rau cải khác ,đảo đều là tắt lửa múc ra ngay không cho quá chín cũng làm mất chất bổ.\n\nXÀO VỚI TỎI:\n\nCũng như xào với các loại rau khác cho dầu veg đập ít lát tỏi ,phi cho thơm và cho KALE vào đảo qua đảo lại múc ra dĩa ngay ,nếu muốn nêm tí nước mắm ,xì dầu gì thì phải lẹ tay không thôi KALE chín quá,thêm tiêu ớt sau khi cho ra dĩa dùng với cơm hay ăn không cũng rất tốt.\n\nTRỘN XÀ LÁCH :\n\nCó thể trộn chung với các loại rau hoặc xà lách với chút ít nước chanh ,dầu ,tiêu tỏi ,muối hoặc xì dầu hay nước trộn người ta bán sẳn nhưng không trộn với những loại quá béo\n\nMình ăn loại rau nầy cho giảm lượng mở ,tăng hồng huyết cầu và các loại sinh tố chất xanh cần thiết ,giúp cân bằng bao tử ,đường ruột nên cũng không nên ăn quá nhiều ,cũng sẽ giảm cân, giúp đường ruột thải những chất không cần thiết và tốt cho màng bao tử đó.Ngủ ngon, bớt sưng nhức tay chân ,hạ mở tim mạch sẽ nhẹ nhàng hơn ,hợp với đi bộ 1/2 giờ mổi ngày sẽ giúp chúng ta ngày mổi khỏe mạnh hơn .\n\n', '/resources/images/pic2.jpg');
INSERT INTO `Products` VALUES ('104b64cc-f11a-4638-8da9-ce4806bcf204', '2016-12-08 13:00:20', null, 'Cay rau hung lui', '473732', '- Rau ngót thuộc dạng cây bụi, có thể cao đến 2 m, phần thân khi già cứng chuyển màu nâu. Lá cây rau ngót hình bầu dục, mọc so le; sắc lá màu lục thẫm. Khi hái ăn, thường chọn lá non.', '/resources/images/pic3.jpg');
INSERT INTO `Products` VALUES ('19214fb5-2fe0-4af6-81a8-a980a8b3d513', '2016-12-08 13:00:20', null, 'Cay hong leo tuong vi', '958853', 'Cây hồng bụi cao to, hoa to, sai hoa quanh năm\nGiống ngoại nhập đã được thuần cho thích nghi khí hậu VN, rất dễ chăm sóc tại nhà', '/resources/images/pic4.jpg');
INSERT INTO `Products` VALUES ('19e111e7-431c-4923-9ab6-10c48fe3ecb5', '2016-12-08 12:56:46', null, 'Qua kiwi', '2795149', 'Cây Tha La hay còn gọi là cây Đầu Lân, Hàm Rồng, cây Sala… Cây có nguồn gốc từ Nam Mỹ.\nCây Tha La là loài cây rất dễ sống, thích nghi với môi trường rất tốt, thích hợp với nhiều loại đất khác nhau như: đất nhiễm phèn, đất thịt, đất pha cát, đất úng nước…\n\nCây Tha La là cây thân gỗ lớn, thân thẳng, tán rộng, lá dày, cây có thể cao 20m đến 30m.\nHoa Tha La ra từ thân cây, suốt từ gốc lên, chùm hoa dài ra liên tục có thể tới 2-3m. Hoa có màu cam lẫn đỏ thắm và hồng, và mọc thành chùm trên cọng dài có khi tới 3m. Hoa Tha La trổ hoa quanh năm tạo ra vẻ đẹp thẩm mỹ, giúp tâm hồn con người thư thái, bình an.\n\nNgoài ra, trồng cây Tha La giúp ta có được dược liệu từ quả, từ đó bào chế ra thuốc kháng sinh, kháng nấm, sát khuẩn và có tác dụng giảm đau. Nước uống làm từ các lá được sử dụng để chữa bệnh da.\n\nCây Tha La là loài cây mang ý nghĩa thiêng liêng đối với Phật giáo, là nơi Đức Phật sinh ra. Vì thế ngày nay, ngoài cây bồ-đề, cây Tha La cũng được trồng tại các khuôn viên của các chùa.', '/resources/images/pic5.jpg');
INSERT INTO `Products` VALUES ('2450f687-fc43-470a-af44-5f91f3deb3ca', '2016-12-08 12:54:41', null, 'Cay rau hung lui', '517174', 'Chè vằng là một cây nhỏ, mọc thành bụi ở bờ rào hay bụi tre hoặc bám vào các cây lớn. Thân cây cứng chia thành từng đốt, đường kính 5-6 mm, chia thành nhiều cành, có thể vươn cao 1-1,5 m và vươn dài tới 15-20 m, thân và cành đều nhẵn. Lá mọc đối, hình mũi mác, phía cuống tù hay hơi tròn, đầu lá nhọn, những lá phía trên nhỏ hơn lá phía dưới. Hoa mọc thành xim nhiều hoa (chừng 7-9 hoa), cánh hoa màu trắng.\n\n \n\nNhân dân nhiều tỉnh dùng lá vằng phơi khô nấu hay pha nước uống hàng ngày hay cho phụ nữ sau khi sinh uống. Có nơi dùng lá nấu nước tắm cho trẻ con bị ghẻ lở. Tại miền Nam, nhân dân dùng lá chữa sưng vú, cho phụ nữ mới sinh uống, còn dùng chữa rắn cắn, rễ mài với giấm thanh để làm hết mủ những ung nhọt đã nung mủ. Liều uống hàng ngày: 20-30 g lá khô. Dùng ngoài không kể liều lượng.\n\nKinh nghiệm dùng lá chè vằng của bệnh viện Thái Bình: Dùng lá chè vằng giã nát đắp vào nơi áp xe vú hoặc giã lá với cồn 50 độ rồi đắp vào nơi áp xe. Ngày 3 lần, đêm 2 lần. Thời gian điều trị thường là 1 ngày đến 1 tuần tùy theo bệnh nặng hay nhẹ và được bắt đầu chữa bằng lá chè vằng sớm hay muộn, trung bình 1,5 đến 2 ngày. Bệnh nhân điều trị bằng chè vằng thường hết sốt sau 2 giờ dùng thuốc, sau khi khỏi bệnh, công thức và số lượng bạch cầu trở lại bình thường, sữa cũng trở lại bình thường.\n\nGS Đỗ Tất Lợi, Sức Khỏe & Đời Sống', '/resources/images/pic6.jpg');
INSERT INTO `Products` VALUES ('2de6c7f5-9c03-48ea-897b-798553713cfc', '2016-12-08 12:56:46', null, 'Cay rau hung lui', '2781533', '- Thuộc loại cây thân gỗ nhỏ, có gai, có xu hướng mọc cao hơn so với các giống hồng bụi khác nên có khả năng leo.\n\n- Hoa màu hồng có mùi thơm, mới nở sẽ có màu hồng, đến khi sắp tàn sẽ nhạt đi. Cây trưởng thành hoa sẽ nở thành từng chùm, mỗi chùm 3-12 hoa, tùy vào điều kiện chăm sóc của cây.\n\n- Sinh trưởng nhanh, không kén khí hậu như các giống hồng khác.\n\nCách trồng hồng Tường Vy:\n- Giống Hồng vốn ưa nắng nên chọn những vị trí nắng ổn định. Khi cây đầy đủ nắng thì bông mới to và đẹp.\n- Hồng Tường Vy sau khi ra bông thì nên cắt cành để cây đâm chồi mới.', '/resources/images/pic7.jpg');
INSERT INTO `Products` VALUES ('319b564c-1d73-4419-9f57-e5a92dd58cf1', '2016-12-08 13:00:20', null, 'Cay hung que', '2666467', 'CÁCH CHẾ BIẾN (trích nguồn ngocdiepsite)\n\nCÁCH HẤP :\n\nRửa sạch lá ,cắt khúc chiều dài khoảng 2 lóng tay là dể ăn nhất ,sau khi cắt để KALE 5 phút sau mới hấp khoảng 4,5 phút là chín ,đừng làm chín quá chất bổ bị tiêu trừ thất thoát 1 ít, do đó 4 hay 5 phút hấp hoặc cho vào microwave 2, 3 phút là đủ ,ăn với chút xì dầu maggie và 1 chút nước cốt chanh, mình thì ăn không chắm gì cả ăn không mà thôi.\n\nCÁCH XÀO :\n\nCó thể cho vào cuối cùng khi xào với các loại rau cải khác ,đảo đều là tắt lửa múc ra ngay không cho quá chín cũng làm mất chất bổ.\n\nXÀO VỚI TỎI:\n\nCũng như xào với các loại rau khác cho dầu veg đập ít lát tỏi ,phi cho thơm và cho KALE vào đảo qua đảo lại múc ra dĩa ngay ,nếu muốn nêm tí nước mắm ,xì dầu gì thì phải lẹ tay không thôi KALE chín quá,thêm tiêu ớt sau khi cho ra dĩa dùng với cơm hay ăn không cũng rất tốt.\n\nTRỘN XÀ LÁCH :\n\nCó thể trộn chung với các loại rau hoặc xà lách với chút ít nước chanh ,dầu ,tiêu tỏi ,muối hoặc xì dầu hay nước trộn người ta bán sẳn nhưng không trộn với những loại quá béo\n\nMình ăn loại rau nầy cho giảm lượng mở ,tăng hồng huyết cầu và các loại sinh tố chất xanh cần thiết ,giúp cân bằng bao tử ,đường ruột nên cũng không nên ăn quá nhiều ,cũng sẽ giảm cân, giúp đường ruột thải những chất không cần thiết và tốt cho màng bao tử đó.Ngủ ngon, bớt sưng nhức tay chân ,hạ mở tim mạch sẽ nhẹ nhàng hơn ,hợp với đi bộ 1/2 giờ mổi ngày sẽ giúp chúng ta ngày mổi khỏe mạnh hơn .\n\n', '/resources/images/pic8.jpg');
INSERT INTO `Products` VALUES ('3a4b8b28-417a-4b83-be6d-dbd0c672d5bf', '2016-12-08 13:00:20', null, 'Cay hong doi mau', '1694908', 'Hương thảo tỏa mùi hương nồng. Bộ phận sử dụng được của hương thảo là ngọn cây với lá. Khi thu hoạch ở quy mô lớn, người ta có thể cắt các ngọn cây có hoa đem phơi hay sấy khô, đập lấy lá. Cũng có thể cắt các cành tươi không hoa hoặc tỉa lá để dùng ở quy mô nhỏ. Hương thảo dùng để trang trí, cải thiện sức khỏe, nấu ăn, ngăn muỗi, đặc biệt hương thảo còn giúp loại bỏ căng thẳng, tăng cường trí nhớ, giúp tinh thần sảng khoái, tinh dầu của cây kích thích phát triển trí não của con người, giúp con người làm việc tốt hơn, trẻ hoạt bát hơn, học tốt hơn và nhanh thuộc bài hơn.\n\nẨm thực\n\nLá tươi hay lá khô đều được dùng làm gia vị trong ẩm thực. Cành cây được sử dụng làm que xiên trong các món nướng BBQ, lá được gia vào các món nướng, áp chảo như bít tết, đặc biệt thích hợp khi khử mùi các loại thịt đỏ như thịt cừu, thịt bò thậm chí các loại thịt rừng có mùi như thịt nai, heo mọi. Các món thuần Âu như cừu nướng áp chảo, đút lò, nướng nguyên tảng, đến cừu hầm đều có thể sử dụng hương thảo. Các loại thịt trắng như thịt lợn, thịt gà, các loại rau củ quả như khoai tây, cà rốt cũng có thể sử dụng hương thảo cho ra các món rất thơm ngon. Ở Việt Nam, hương thảo còn dùng cho món luộc, sốt, nấu, hấp.<br>', '/resources/images/1.jpg');
INSERT INTO `Products` VALUES ('3dfd388d-976a-4536-80f1-fedad9bd7df0', '2016-12-08 12:52:38', null, 'Cay ngo om tia', '231310', 'Rau ngót Nhật có tên khoa học là Dicliptero chinensis (L.) Ness, thuộc họ ô rô – Acanthaceae. ở Việt Nam thường gọi là rau Bồ ngót Nhật, hoặc cây rau Diễn, cây Gan heo.\n\nRau Bồ ngót Nhật là cây rất dễ sống, có thể nhân giống bằng cách giâm cành, nhanh ra rễ. Cây sinh trưởng mạnh, ra lá liên tục, có thể thu hoạch làm rau thường xuyên. Cây có thể trồng vào các chậu lớn, trồng nhiều cành, ra nhiều nhánh, lan rộng trên mặt chậu.\n\nNgoài ra với hàm lượng dinh dưỡng cao, nhiều DHA, canxi,đạm, và sắt, rau ngót Nhật thường được các bà mẹ dùng để nấu với tôm khô, cua đồng hoặc xay nấu cháo cho trẻ em. Món cháo này thường rất hợp cho các bé đang bị táo bón và đầy hơi. Rau ngót Nhật mềm hơn rau ngót ta, lại có vị ngọt nên khá dễ ăn chắc chắn sẽ làm bé hài lòng.', '/resources/images/2.jpg');
INSERT INTO `Products` VALUES ('3e0bfbf8-cddc-4333-8148-4c02f481db35', '2016-12-08 13:00:20', null, 'Cay hong leo tuong vi', '2319351', '- Rau ngót thuộc dạng cây bụi, có thể cao đến 2 m, phần thân khi già cứng chuyển màu nâu. Lá cây rau ngót hình bầu dục, mọc so le; sắc lá màu lục thẫm. Khi hái ăn, thường chọn lá non.', '/resources/images/3.jpg');
INSERT INTO `Products` VALUES ('45f7d147-3100-4856-ab8b-e6cd83015805', '2016-12-08 12:56:46', null, 'Cay kim ngan hoa', '2814129', 'Tần dày lá còn gọi là Húng chanh, Rau tần, Tần dày lá, Rau thơm lông, Dương tô tử, Sak đam ray - Plectranthus amboinicus (Lour.) Spreng (Coleus amboinicus Lour.), thuộc họ Hoa môi - Lamiaceae.\nCây thảo có thể sống nhiều năm, cao 20-50cm, phần thân sát gốc hoá gỗ. Lá mọc đối dày mọng nước, hình trái xoan rộng, dài 3-6cm, rộng, mọc thành bông ở ngọn thân và đầu cành, gồm những vòng hoa dày đặc, cách quãng nhau. Quả nhỏ, tròn, màu nâu, chứa 1 hạt. Toàn cây có lông rất nhỏ và có mùi thơm như mùi chanh.\nHúng chanh có vị the cay, hơi chua, mùi thơm, tính ấm, không độc, có tác dụng lợi phế, trừ đờm, giải cảm, làm ra mồ hôi, làm thông hơi, giải độc. Colein trong lá có tác dụng kháng sinh mạnh đối với một số vi trùng, nhất là ở vùng họng, mũi, miệng và cả ở đường ruột.\n\nCông dụng, chỉ định và phối hợp: Nhân dân ta thường thái nhỏ lá Húng chanh để ướp thịt, cá, nó là loại gia vị đặc sắc. Lá và ngọn non thường được dùng trị Cảm cúm, ho hen, ho ra máu, sốt cao, sốt không ra mồ hôi, nôn ra máu, đổ máu cam, còn dùng chữa viêm họng, khản tiếng. Liều dùng 10-15g, dạng thuốc sắc hoặc giã lấy nước uống. Có thể dùng riêng hoặc phối hợp với nhiều loại lá khác nấu nước xông.\n\nỞ Malaixia, người ta dùng lá nấu cho phụ nữ sau khi sinh đẻ nóng, lá tươi giã ra lấy nước cốt cho trẻ em bị sổ mũi uống. Dùng ngoài lấy lá giã ra đắp trị nẻ môi, đau bụng, đau đầu và dùng xoa lên người khi bị sốt.\n\nỞ Ấn Độ, lá Húng chanh dùng chữa bệnh về đường tiết niệu và rỉ nước âm đạo. Nước ép lá trộn với đường là một loại thuốc gây trung tiện mạnh, cũng dùng trị ho và chứng khó tiêu.', '/resources/images/4.jpg');
INSERT INTO `Products` VALUES ('4fc57ed1-170a-4f28-804e-3fe8a4063661', '2016-12-08 12:54:41', null, 'Cay hung cay', '189033', 'Rau ngót Nhật có tên khoa học là Dicliptero chinensis (L.) Ness, thuộc họ ô rô – Acanthaceae. ở Việt Nam thường gọi là rau Bồ ngót Nhật, hoặc cây rau Diễn, cây Gan heo.\n\nRau Bồ ngót Nhật là cây rất dễ sống, có thể nhân giống bằng cách giâm cành, nhanh ra rễ. Cây sinh trưởng mạnh, ra lá liên tục, có thể thu hoạch làm rau thường xuyên. Cây có thể trồng vào các chậu lớn, trồng nhiều cành, ra nhiều nhánh, lan rộng trên mặt chậu.\n\nNgoài ra với hàm lượng dinh dưỡng cao, nhiều DHA, canxi,đạm, và sắt, rau ngót Nhật thường được các bà mẹ dùng để nấu với tôm khô, cua đồng hoặc xay nấu cháo cho trẻ em. Món cháo này thường rất hợp cho các bé đang bị táo bón và đầy hơi. Rau ngót Nhật mềm hơn rau ngót ta, lại có vị ngọt nên khá dễ ăn chắc chắn sẽ làm bé hài lòng.', '/resources/images/6.jpg');
INSERT INTO `Products` VALUES ('4fc822bc-8687-4318-aa42-0542fb46144b', '2016-12-08 12:56:46', null, 'Cay huong thao', '1170348', 'Mô tả: Cây thảo có gốc bò, với những thân bò dưới đất có vẩy và những chồi bò trên mặt đất có lá thường phân nhánh, có thể dài tới 1m. Lá có cuống, hình trái xoan hay thuôn, tù hay nhọn, có răng nhiều hay ít, nhẵn hay có lông, nhăn nheo nhiều hay ít. Hoa thành vòng có cuống, đài to, tràng có lông ở trong ống; 4 nhị dài bằng nhau, vòi chẻ đôi ở ngọn. Quả bế có mụt mịn.\n\nCông dụng, chỉ định và phối hợp: Ta thường trồng trong các vườn làm rau gia vị ăn với thịt nướng, ăn gỏi, ăn với các loại rau sống khác, là gia vị được ưa chuộng. Dùng hãm uống làm thuốc lợi tiêu hoá. Cũng dùng ngoài giã đắp làm thuốc sát trùng, chữa vết thương chữa sưng vú.\n\n', '/resources/images/7.jpg');
INSERT INTO `Products` VALUES ('566da23b-a324-4bc1-bcdf-2d36d21f5dfd', '2016-12-08 12:56:46', null, 'Cay tha la ( Sala )', '773054', 'Hương thảo tỏa mùi hương nồng. Bộ phận sử dụng được của hương thảo là ngọn cây với lá. Khi thu hoạch ở quy mô lớn, người ta có thể cắt các ngọn cây có hoa đem phơi hay sấy khô, đập lấy lá. Cũng có thể cắt các cành tươi không hoa hoặc tỉa lá để dùng ở quy mô nhỏ. Hương thảo dùng để trang trí, cải thiện sức khỏe, nấu ăn, ngăn muỗi, đặc biệt hương thảo còn giúp loại bỏ căng thẳng, tăng cường trí nhớ, giúp tinh thần sảng khoái, tinh dầu của cây kích thích phát triển trí não của con người, giúp con người làm việc tốt hơn, trẻ hoạt bát hơn, học tốt hơn và nhanh thuộc bài hơn.\n\nẨm thực\n\nLá tươi hay lá khô đều được dùng làm gia vị trong ẩm thực. Cành cây được sử dụng làm que xiên trong các món nướng BBQ, lá được gia vào các món nướng, áp chảo như bít tết, đặc biệt thích hợp khi khử mùi các loại thịt đỏ như thịt cừu, thịt bò thậm chí các loại thịt rừng có mùi như thịt nai, heo mọi. Các món thuần Âu như cừu nướng áp chảo, đút lò, nướng nguyên tảng, đến cừu hầm đều có thể sử dụng hương thảo. Các loại thịt trắng như thịt lợn, thịt gà, các loại rau củ quả như khoai tây, cà rốt cũng có thể sử dụng hương thảo cho ra các món rất thơm ngon. Ở Việt Nam, hương thảo còn dùng cho món luộc, sốt, nấu, hấp.<br>', '/resources/images/8.jpg');
INSERT INTO `Products` VALUES ('594c4ef5-0348-4c64-8014-d689f8f30298', '2016-12-08 13:00:20', null, 'Cay hong doi mau', '523089', 'Dòng họ của bạc hà có nhiều loại, nhưng loại chocolate này có mùi thơm nhất (mùi bạc hà pha lẫn chocolate). Mình thử vuốt nhẹ lá bạc hà này rồi đưa tay lên mũi ngửi ngửi, mùi thơm mát lạnh dễ chịu lắm.\nCây này dễ trồng, có thể để trên bàn làm việc, cách ngày đem ra nắng một chút cho cây xanh tốt. Lá già thì ngắt lá ăn rồi cây lại mọc nhánh mới.<br>Công dụng:\n1. Trị viêm họng, ho: khi có dấu hiệu viêm họng, mỗi buổi sáng ngắt 3 lá nhai, sau 3 ngày sẽ hết. Còn giúp cho hơi thở thơm tho.\n2. Pha trà: bỏ vài lá tươi vào ly rồi chế nước sôi vào, để dành uống trong ngày (giúp tiêu hóa tốt)\n3. Làm bánh, làm kem bạc hà, sinh tố,...: các loại bánh có mùi chocolate đều hợp với mùi của lá bạc hà này\n4.Ngoài ra, còn nhiều công dụng khác cho sức khỏe: mùi thơm của bạc hà giúp thần kinh tỉnh táo, tăng cường trí nhớ, dưỡng da và trị mun, phòng và trị bệnh ung thư,...', '/resources/images/9.jpg');
INSERT INTO `Products` VALUES ('69ae1482-6484-4b87-8c37-88be2a1629a0', '2016-12-08 12:56:46', null, 'Qua na', '680734', '- Rau ngót thuộc dạng cây bụi, có thể cao đến 2 m, phần thân khi già cứng chuyển màu nâu. Lá cây rau ngót hình bầu dục, mọc so le; sắc lá màu lục thẫm. Khi hái ăn, thường chọn lá non.', '/resources/images/10.jpg');
INSERT INTO `Products` VALUES ('6ce5cd99-5f90-4f69-8c1f-03c7318bf750', '2016-12-08 13:00:20', null, 'Qua hong xiem', '2539697', 'Rau húng quế được biết đến là một loại rau thơm được dùng ăn kèm với nhiều món ăn. Rau húng quế cũng được biết đến với nhiều tác dụng chữa một số loại bệnh thông thường.\n\nHúng quế là cây rau xanh, lá nhỏ, cành tím, hoa trắng. Theo Đông y, húng quế có vị cay, tính nóng, làm ra mồ hôi, lợi tiểu, giảm đau. Quả húng quế có vị ngọt và cay, tính mát, tốt cho thị lực. Lá húng chó rất thơm, đem nhaisống làm thơm tho răng miệng. Mùi hương này còn tạo cảm giác hưng phấn, xua tan mệt mỏi và nâng cao hammuốn tình dục. Hơn nữa, lấy húng quế cho lên bếp để mùi hương lan tỏa khắp nhà còn xua đuổi được côn trùng rất công hiệu.\n\nNhư các loại rau thơm ăn sống khác, húng quế không chỉ có hương vị thơm ngon mà nó còn giúp thức ăn dễtiêu, chống đầy hơi, buồn nôn hay co thắt dạ dày. Dân gian truyền rằng, lúc thấy đầy bụng, khó tiêu, chỉ cầnngâm húng quế vào nước nóng mà uống là sẽ thấy ấm bụng, dễ chịu.\n\nHúng quế chứa rất nhiều tinh dầu. Trong tinh dầu này có chất chống oxy hóa mạnh có thể ngăn ngừa lão hóa vàphòng chống ung thư. Ngoài ra, tinh dầu còn chứa nhiều vitamin và chất khoáng, nhất là ma-nhê (Mg), rất tốt cho cơ bắp và tim mạch. Khả năng dưỡng da, làm đẹp của dầu húng quế càng không phải bàn cãi vì chữa trị mụntrứng cá và bệnh vảy nến rất tốt.\n\n', '/resources/images/11.jpg');
INSERT INTO `Products` VALUES ('720a6d74-2622-47a0-ac69-585dbf2a4442', '2016-12-08 12:56:46', null, 'Cay rau hung lui', '2161410', 'Rau ngót Nhật có tên khoa học là Dicliptero chinensis (L.) Ness, thuộc họ ô rô – Acanthaceae. ở Việt Nam thường gọi là rau Bồ ngót Nhật, hoặc cây rau Diễn, cây Gan heo.\n\nRau Bồ ngót Nhật là cây rất dễ sống, có thể nhân giống bằng cách giâm cành, nhanh ra rễ. Cây sinh trưởng mạnh, ra lá liên tục, có thể thu hoạch làm rau thường xuyên. Cây có thể trồng vào các chậu lớn, trồng nhiều cành, ra nhiều nhánh, lan rộng trên mặt chậu.\n\nNgoài ra với hàm lượng dinh dưỡng cao, nhiều DHA, canxi,đạm, và sắt, rau ngót Nhật thường được các bà mẹ dùng để nấu với tôm khô, cua đồng hoặc xay nấu cháo cho trẻ em. Món cháo này thường rất hợp cho các bé đang bị táo bón và đầy hơi. Rau ngót Nhật mềm hơn rau ngót ta, lại có vị ngọt nên khá dễ ăn chắc chắn sẽ làm bé hài lòng.', '/resources/images/12.jpg');
INSERT INTO `Products` VALUES ('7215b13e-211a-4bb8-b999-baf627e634e6', '2016-12-08 12:54:41', null, 'Cay hung chanh', '2193509', 'Công dụng của cây bồ công anh:\nTiêu diệt các tế bào ung thư. Trà bồ công anh tiêu diệt tế bào ung thư bằng cách làm cho các tế bào này tự hủy trong vòng 48 giờ. Các nhà khoa học đã phát hiện ra rằng sử dụng rễ cây bồ công anh còn tốt hơn việc hóa trị bởi chúng chỉ tiêu diệt các tế bào bị ung thư mà thôi.Các nghiên cứu bước đầu phòng hóa học và hóa sinh học thuộc  Đại học Windsor, Canada đã đưa ra hy vọng mới cho các bệnh nhân ung thư. Kết quả cho thấy rễ cây bồ công anh đã tiêu diệt các tế bào ung thư mà không làm tổn hại đến các tế bào khỏe mạnh trong cơ thể.\n\nGiải độc gan. Trà rễ cây bồ công anh đã được sử dụng làm thuốc tại Châu Mỹ và Trung Quốc hàng trăm năm qua. Tiến sỹ OZ, mặc dù đã ra nước ngoài song ông vẫn sử dụng trà bồ công anh để giúp giải độc cho gan khi ngủ, ông gọi quá trình này là :làm sạch trong 48 giờ. Rễ cây bồ công anh từ lâu đã được biết đến như một phương thuốc dân gian để giúp bổ gan. Nghiên cứu ban đầu cho thấy trà bồ công anh kích thích sự hoạt động của mật.Trong quá trình tìm hiểu trà bồ công anh tác dụng lên gan như thế nào thì người ta đã phát hiện ra nó có tác dụng hỗ trợ giải độc gan, giúp giải quyết các vấn đề về da và mắt, giảm khả năng mắc bệnh về gan.\n\nPhòng chống viêm nhiễm đường tiết niệu. Trà bồ công anh có thể giúp ngăn ngừa viêm nhiễm đường tiết niệu cũng như rối loạn đường tiết niệu, các vấn đề về thận và còn có khẳ năng ngăn ngừa u nang của cơ quan sinh sản.\nMột loại trà đặc biệt bao gồm chiết xuất từ rễ và lá bồ công anh (theo một tỷ lệ nhất định) kết hợp với một vài thảo mộc khác gọi là “ uva ursi – cây thường xanh dây leo” sẽ có tác dụng lớn giúp giảm viêm nhiễm ở phụ nữ. Trong hỗn hợp trà thảo mộc trên thì cây thường xanh dây leo có tác dụng diệt khuẩn, còn bồ công anh có tác dụng lợi tiểu và chống nhiễm trùng\n\n', '/resources/images/13.jpg');
INSERT INTO `Products` VALUES ('75cc6a0c-1697-4543-a922-c4ec9d74ec89', '2016-12-08 13:00:20', null, 'Cay hong tim shocking blue', '1309895', 'Dòng họ của bạc hà có nhiều loại, nhưng loại chocolate này có mùi thơm nhất (mùi bạc hà pha lẫn chocolate). Mình thử vuốt nhẹ lá bạc hà này rồi đưa tay lên mũi ngửi ngửi, mùi thơm mát lạnh dễ chịu lắm.\nCây này dễ trồng, có thể để trên bàn làm việc, cách ngày đem ra nắng một chút cho cây xanh tốt. Lá già thì ngắt lá ăn rồi cây lại mọc nhánh mới.<br>Công dụng:\n1. Trị viêm họng, ho: khi có dấu hiệu viêm họng, mỗi buổi sáng ngắt 3 lá nhai, sau 3 ngày sẽ hết. Còn giúp cho hơi thở thơm tho.\n2. Pha trà: bỏ vài lá tươi vào ly rồi chế nước sôi vào, để dành uống trong ngày (giúp tiêu hóa tốt)\n3. Làm bánh, làm kem bạc hà, sinh tố,...: các loại bánh có mùi chocolate đều hợp với mùi của lá bạc hà này\n4.Ngoài ra, còn nhiều công dụng khác cho sức khỏe: mùi thơm của bạc hà giúp thần kinh tỉnh táo, tăng cường trí nhớ, dưỡng da và trị mun, phòng và trị bệnh ung thư,...', '/resources/images/14.jpg');
INSERT INTO `Products` VALUES ('79a069d5-2546-45df-99ab-3117071fc31d', '2016-12-08 12:54:41', null, 'Cay che vang', '601832', 'Chè vằng là một cây nhỏ, mọc thành bụi ở bờ rào hay bụi tre hoặc bám vào các cây lớn. Thân cây cứng chia thành từng đốt, đường kính 5-6 mm, chia thành nhiều cành, có thể vươn cao 1-1,5 m và vươn dài tới 15-20 m, thân và cành đều nhẵn. Lá mọc đối, hình mũi mác, phía cuống tù hay hơi tròn, đầu lá nhọn, những lá phía trên nhỏ hơn lá phía dưới. Hoa mọc thành xim nhiều hoa (chừng 7-9 hoa), cánh hoa màu trắng.\n\n \n\nNhân dân nhiều tỉnh dùng lá vằng phơi khô nấu hay pha nước uống hàng ngày hay cho phụ nữ sau khi sinh uống. Có nơi dùng lá nấu nước tắm cho trẻ con bị ghẻ lở. Tại miền Nam, nhân dân dùng lá chữa sưng vú, cho phụ nữ mới sinh uống, còn dùng chữa rắn cắn, rễ mài với giấm thanh để làm hết mủ những ung nhọt đã nung mủ. Liều uống hàng ngày: 20-30 g lá khô. Dùng ngoài không kể liều lượng.\n\nKinh nghiệm dùng lá chè vằng của bệnh viện Thái Bình: Dùng lá chè vằng giã nát đắp vào nơi áp xe vú hoặc giã lá với cồn 50 độ rồi đắp vào nơi áp xe. Ngày 3 lần, đêm 2 lần. Thời gian điều trị thường là 1 ngày đến 1 tuần tùy theo bệnh nặng hay nhẹ và được bắt đầu chữa bằng lá chè vằng sớm hay muộn, trung bình 1,5 đến 2 ngày. Bệnh nhân điều trị bằng chè vằng thường hết sốt sau 2 giờ dùng thuốc, sau khi khỏi bệnh, công thức và số lượng bạch cầu trở lại bình thường, sữa cũng trở lại bình thường.\n\nGS Đỗ Tất Lợi, Sức Khỏe & Đời Sống', '/resources/images/15.jpg');
INSERT INTO `Products` VALUES ('9689587b-d16c-4e22-bafd-ae96d840cfa4', '2016-12-08 12:54:41', null, 'Cay bo cong anh', '1383382', 'Cây Tha La hay còn gọi là cây Đầu Lân, Hàm Rồng, cây Sala… Cây có nguồn gốc từ Nam Mỹ.\nCây Tha La là loài cây rất dễ sống, thích nghi với môi trường rất tốt, thích hợp với nhiều loại đất khác nhau như: đất nhiễm phèn, đất thịt, đất pha cát, đất úng nước…\n\nCây Tha La là cây thân gỗ lớn, thân thẳng, tán rộng, lá dày, cây có thể cao 20m đến 30m.\nHoa Tha La ra từ thân cây, suốt từ gốc lên, chùm hoa dài ra liên tục có thể tới 2-3m. Hoa có màu cam lẫn đỏ thắm và hồng, và mọc thành chùm trên cọng dài có khi tới 3m. Hoa Tha La trổ hoa quanh năm tạo ra vẻ đẹp thẩm mỹ, giúp tâm hồn con người thư thái, bình an.\n\nNgoài ra, trồng cây Tha La giúp ta có được dược liệu từ quả, từ đó bào chế ra thuốc kháng sinh, kháng nấm, sát khuẩn và có tác dụng giảm đau. Nước uống làm từ các lá được sử dụng để chữa bệnh da.\n\nCây Tha La là loài cây mang ý nghĩa thiêng liêng đối với Phật giáo, là nơi Đức Phật sinh ra. Vì thế ngày nay, ngoài cây bồ-đề, cây Tha La cũng được trồng tại các khuôn viên của các chùa.', '/resources/images/16.jpg');
INSERT INTO `Products` VALUES ('9a4b8f1b-d7ab-42cd-b1ff-142bc9396c63', '2016-12-08 12:54:41', null, 'Cay oregano', '2019424', 'Công dụng:\n\nNgò om (rau ngổ) tía là loại thân màu tím được dân gian dùng như rau thuốc, có dược tính hơn loại thân trắng.\n\nNgười ta trồng rau ngổ lấy cành lá non thơm để nấu canh chua, cũng có thẻ ăn sống làm gia vị. Cây được dùng làm thuốc chữa cảm sốt, cầm máu băng huyết, thổ huyết, hạt dùng trị bệnh về gan mật và thần kinh. Lá nghiền đắp vào da trị phát ban, mụn rộp. Liều dùng 12-20g dạng thuốc sắc dùng ngoài không kể liều lượng. \n\nTừ xa xưa, người Việt đã biết sử dụng rau ngổ, rửa sạch, phơi khô, làm thuốc để chữa sạn thận, làm thuốc lợi tiểu, chống co thắt, giãn cơ… Nhiều nghiên cứu tại Việt Nam cho thấy, kết quả đáng ngạc nhiên về tác dụng của rau ngổ. Hoạt chất trong rau ngổ có thể làm giãn mạch, tăng tốc độ lọc cầu thận giúp tăng lượng nước tiểu. Quá trình này giúp bào mòn sỏi thận, thậm chí bệnh nhân có tiểu ra những viên sỏi nhỏ.\n\nKhông chỉ có vậy, y học cổ truyền Ấn Độ (kinh Vệ đà) còn nói rằng, rau ngổ có tác dụng thông mật, kích thích tiêu hóa, chữa khỏi băng huyết, tăng tiết sữa cho phụ nữ sau sinh, làm giảm các triệu chứng chán ăn, khó tiêu… Với các bệnh ngoài da như nấm, ngứa, hắc lào… rau ngổ có thể hỗ trợ điều trị bằng cách dùng cây tươi giã nhuyễn và đắp lên da, kết hợp với sắc nước uống sau một thời gian sẽ khỏi.<br>', '/resources/images/17.jpg');
INSERT INTO `Products` VALUES ('c2021f3f-a6b9-4398-b78b-9dfa030f586f', '2016-12-08 12:56:46', null, 'Cay hung que', '385970', 'Công dụng của cây bồ công anh:\nTiêu diệt các tế bào ung thư. Trà bồ công anh tiêu diệt tế bào ung thư bằng cách làm cho các tế bào này tự hủy trong vòng 48 giờ. Các nhà khoa học đã phát hiện ra rằng sử dụng rễ cây bồ công anh còn tốt hơn việc hóa trị bởi chúng chỉ tiêu diệt các tế bào bị ung thư mà thôi.Các nghiên cứu bước đầu phòng hóa học và hóa sinh học thuộc  Đại học Windsor, Canada đã đưa ra hy vọng mới cho các bệnh nhân ung thư. Kết quả cho thấy rễ cây bồ công anh đã tiêu diệt các tế bào ung thư mà không làm tổn hại đến các tế bào khỏe mạnh trong cơ thể.\n\nGiải độc gan. Trà rễ cây bồ công anh đã được sử dụng làm thuốc tại Châu Mỹ và Trung Quốc hàng trăm năm qua. Tiến sỹ OZ, mặc dù đã ra nước ngoài song ông vẫn sử dụng trà bồ công anh để giúp giải độc cho gan khi ngủ, ông gọi quá trình này là :làm sạch trong 48 giờ. Rễ cây bồ công anh từ lâu đã được biết đến như một phương thuốc dân gian để giúp bổ gan. Nghiên cứu ban đầu cho thấy trà bồ công anh kích thích sự hoạt động của mật.Trong quá trình tìm hiểu trà bồ công anh tác dụng lên gan như thế nào thì người ta đã phát hiện ra nó có tác dụng hỗ trợ giải độc gan, giúp giải quyết các vấn đề về da và mắt, giảm khả năng mắc bệnh về gan.\n\nPhòng chống viêm nhiễm đường tiết niệu. Trà bồ công anh có thể giúp ngăn ngừa viêm nhiễm đường tiết niệu cũng như rối loạn đường tiết niệu, các vấn đề về thận và còn có khẳ năng ngăn ngừa u nang của cơ quan sinh sản.\nMột loại trà đặc biệt bao gồm chiết xuất từ rễ và lá bồ công anh (theo một tỷ lệ nhất định) kết hợp với một vài thảo mộc khác gọi là “ uva ursi – cây thường xanh dây leo” sẽ có tác dụng lớn giúp giảm viêm nhiễm ở phụ nữ. Trong hỗn hợp trà thảo mộc trên thì cây thường xanh dây leo có tác dụng diệt khuẩn, còn bồ công anh có tác dụng lợi tiểu và chống nhiễm trùng\n\n', '/resources/images/18.jpg');
INSERT INTO `Products` VALUES ('c305acb1-6afe-450a-ac74-e39e01b9a22f', '2016-12-08 13:00:20', null, 'Cay che vang', '1335435', 'Rau ngót Nhật có tên khoa học là Dicliptero chinensis (L.) Ness, thuộc họ ô rô – Acanthaceae. ở Việt Nam thường gọi là rau Bồ ngót Nhật, hoặc cây rau Diễn, cây Gan heo.\n\nRau Bồ ngót Nhật là cây rất dễ sống, có thể nhân giống bằng cách giâm cành, nhanh ra rễ. Cây sinh trưởng mạnh, ra lá liên tục, có thể thu hoạch làm rau thường xuyên. Cây có thể trồng vào các chậu lớn, trồng nhiều cành, ra nhiều nhánh, lan rộng trên mặt chậu.\n\nNgoài ra với hàm lượng dinh dưỡng cao, nhiều DHA, canxi,đạm, và sắt, rau ngót Nhật thường được các bà mẹ dùng để nấu với tôm khô, cua đồng hoặc xay nấu cháo cho trẻ em. Món cháo này thường rất hợp cho các bé đang bị táo bón và đầy hơi. Rau ngót Nhật mềm hơn rau ngót ta, lại có vị ngọt nên khá dễ ăn chắc chắn sẽ làm bé hài lòng.', '/resources/images/19.jpg');
INSERT INTO `Products` VALUES ('c424b7c6-aedd-44d2-9699-7f38db1dafa8', '2016-12-08 12:56:46', null, 'Cay ngo om tia', '2911824', 'Dòng họ của bạc hà có nhiều loại, nhưng loại chocolate này có mùi thơm nhất (mùi bạc hà pha lẫn chocolate). Mình thử vuốt nhẹ lá bạc hà này rồi đưa tay lên mũi ngửi ngửi, mùi thơm mát lạnh dễ chịu lắm.\nCây này dễ trồng, có thể để trên bàn làm việc, cách ngày đem ra nắng một chút cho cây xanh tốt. Lá già thì ngắt lá ăn rồi cây lại mọc nhánh mới.<br>Công dụng:\n1. Trị viêm họng, ho: khi có dấu hiệu viêm họng, mỗi buổi sáng ngắt 3 lá nhai, sau 3 ngày sẽ hết. Còn giúp cho hơi thở thơm tho.\n2. Pha trà: bỏ vài lá tươi vào ly rồi chế nước sôi vào, để dành uống trong ngày (giúp tiêu hóa tốt)\n3. Làm bánh, làm kem bạc hà, sinh tố,...: các loại bánh có mùi chocolate đều hợp với mùi của lá bạc hà này\n4.Ngoài ra, còn nhiều công dụng khác cho sức khỏe: mùi thơm của bạc hà giúp thần kinh tỉnh táo, tăng cường trí nhớ, dưỡng da và trị mun, phòng và trị bệnh ung thư,...', '/resources/images/20.jpg');
INSERT INTO `Products` VALUES ('defeba05-9c84-4c8d-a007-74a347204385', '2016-12-08 12:56:46', null, 'Qua buoi da xanh', '1605577', 'Cây cỏ ngọt còn được gọi là cây cỏ đường cây cúc ngọt hay cây cỏ mật, cây thay thế đường. Cây cỏ ngọt có tên khoa học là Stevia rebaudiana Bertoni thuộc chi Stevia họ Cúc Asteraceae.\nĐặc điểm: là một loại cỏ sống lâu năm, 6 tháng sau khi trồng; gốc bắt đầu hoá gỗ, mỗi gốc có nhiều cành (nếu để mọc tự nhiên cây có thể cao đến 100cm). Cành non và lá đều phủ lông trắng mịn, lá mọc đối, hình mũi mác, dài 30-60mm, rộng 15-30mm, có 3 gân chính xuất phát từ cuống lá. Mép lá có răng cưa ở nửa phần trên. Cụm hoa hình đầu, mỗi tổng bao có chứa 5 hoa nhỏ, tràng hình ống, màu trắng ngà, có 5 cánh nhỏ. Hoa dài 10-12mm. Có hai vòi nhuỵ dài thò ra ngoài. Hoa có mùi thơm nhẹ (hình dáng giống hoa cỏ Lào, nhưng nhỏ hơn nhiều). Mùa hoa từ tháng 10 năm trước đến tháng 2 năm sau (theo dương lịch).\n\nCây cỏ ngọt và các chiết xuất của nó đã được sử dụng nhiều trong y học và công nghiệp đặc biệt cây cỏ ngọt có tác dụng rất tốt đối với những người bị tiểu đường.', '/resources/images/21.jpg');
INSERT INTO `Products` VALUES ('f6f95de7-50b7-41e7-ae00-5626008209f3', '2016-12-08 13:00:20', null, 'Cay bo cong anh', '1144842', 'Rau ngót Nhật có tên khoa học là Dicliptero chinensis (L.) Ness, thuộc họ ô rô – Acanthaceae. ở Việt Nam thường gọi là rau Bồ ngót Nhật, hoặc cây rau Diễn, cây Gan heo.\n\nRau Bồ ngót Nhật là cây rất dễ sống, có thể nhân giống bằng cách giâm cành, nhanh ra rễ. Cây sinh trưởng mạnh, ra lá liên tục, có thể thu hoạch làm rau thường xuyên. Cây có thể trồng vào các chậu lớn, trồng nhiều cành, ra nhiều nhánh, lan rộng trên mặt chậu.\n\nNgoài ra với hàm lượng dinh dưỡng cao, nhiều DHA, canxi,đạm, và sắt, rau ngót Nhật thường được các bà mẹ dùng để nấu với tôm khô, cua đồng hoặc xay nấu cháo cho trẻ em. Món cháo này thường rất hợp cho các bé đang bị táo bón và đầy hơi. Rau ngót Nhật mềm hơn rau ngót ta, lại có vị ngọt nên khá dễ ăn chắc chắn sẽ làm bé hài lòng.', '/resources/images/22.jpg');
INSERT INTO `Products` VALUES ('fbec14e5-8eef-4f38-a759-8d05f442ca61', '2016-12-08 12:54:41', null, 'Cay bo cong anh', '2929441', 'Húng cây (Bạc hà nam) là cây thân thảo hàng năm, ưa ẩm độ cao.\n\nCó thân rễ mọc ngầm dưới đất, trên thân có nhiều chồi mầm và rễ mầm ở các đốt nên thường được trồng bằng cách vô tính.\n\nHúng cây ưa đất tốt, đủ ẩm , phát triển kém ở đất bị đọng nước lâu ngày.\n\nHúng cây là một bài thuốc khá hữu hiệu trong việc chữa trị cảm cúm và các vết côn trùng cắn, giúp lợi tiêu hóa, chữa chứng đầy hơi, thấp khớp, nấc cục, thông cổ, trị viêm xoang nhẹ.', '/resources/images/23.jpg');
INSERT INTO `Products` VALUES ('ffccb426-072d-4323-8330-cdbcce3fd260', '2016-12-08 12:54:41', null, 'Qua kiwi', '522719', 'Cây cỏ ngọt còn được gọi là cây cỏ đường cây cúc ngọt hay cây cỏ mật, cây thay thế đường. Cây cỏ ngọt có tên khoa học là Stevia rebaudiana Bertoni thuộc chi Stevia họ Cúc Asteraceae.\nĐặc điểm: là một loại cỏ sống lâu năm, 6 tháng sau khi trồng; gốc bắt đầu hoá gỗ, mỗi gốc có nhiều cành (nếu để mọc tự nhiên cây có thể cao đến 100cm). Cành non và lá đều phủ lông trắng mịn, lá mọc đối, hình mũi mác, dài 30-60mm, rộng 15-30mm, có 3 gân chính xuất phát từ cuống lá. Mép lá có răng cưa ở nửa phần trên. Cụm hoa hình đầu, mỗi tổng bao có chứa 5 hoa nhỏ, tràng hình ống, màu trắng ngà, có 5 cánh nhỏ. Hoa dài 10-12mm. Có hai vòi nhuỵ dài thò ra ngoài. Hoa có mùi thơm nhẹ (hình dáng giống hoa cỏ Lào, nhưng nhỏ hơn nhiều). Mùa hoa từ tháng 10 năm trước đến tháng 2 năm sau (theo dương lịch).\n\nCây cỏ ngọt và các chiết xuất của nó đã được sử dụng nhiều trong y học và công nghiệp đặc biệt cây cỏ ngọt có tác dụng rất tốt đối với những người bị tiểu đường.', '/resources/images/24.jpg');
INSERT INTO `Products` VALUES ('S1', '2016-11-11 02:45:13', null, 'Cay buoi tien vua', '190000', 'Khi nho co mau xanh, nhung khi chin chuyen dan sang mau do gac, vo qua, cui qua, vo mui, co mau do rat dep mat, mui buoi do hong, mong nuoc, ngot, huong thom dac trung<br>Buoi goc nen khong ken dat, thich hop voi nhieu vung khac nhau', '/resources/images/25.jpg');
INSERT INTO `Products` VALUES ('S10', '2016-12-29 10:01:49', null, 'Cay giong xoai do Dai Loan ( xoai Ngoc Van )', '50000', 'Xoải Đài Loan dễ trồng, ít tốn công chăm sóc, tỷ lệ ra hoa và đậu trái cao. Sức sinh trưởng vượt trội so với các giống xoài khác.\r\nTrọng lượng trái từ 1 - 1,5kg, cùi dày, thịt quả đanh chắc, hạt mỏng, ăn ngọt đậm, đặc biệt ăn xanh cũng ngọt\r\n\r\nKhoảng cách trồng 10m x 10m\r\n\r\nCây cho trái sau 8 tháng - 1 năm.', '/resources/images/26.jpg');
INSERT INTO `Products` VALUES ('S11', '2016-12-14 10:03:15', null, 'Cay nam viet quat - blueberry', '100000', 'Cây giống cao khoảng 20cm-30cm\r\n\r\nVị trí trồng: nơi cây nhận đủ ánh sáng (full sun)\r\n\r\nĐất trồng: Đất thoát nước tốt, không thoát nước tốt sẽ làm chết cây\r\n\r\nĐộ PH: 4.5-5.0 (dưới 5.5, ở VN gọi là đất có độ phèn cao. Có thể dùng dụng cụ do PH để kiềm tra để biết chính xác  độ PH của đất. Mua tại đây\r\n\r\nChăm sóc: 4 tuần sau khi trồng bón phân chậm tan. Tưới nước: luôn giữ ẩm đất nhưng cũng không để úng nước.\r\n\r\nCắt tỉa cành nhánh sau đợt trái.\r\n\r\n', '/resources/images/27.jpg');
INSERT INTO `Products` VALUES ('S12', '2016-12-23 10:04:13', null, 'Cay nho than go - jabuticaba', '400000', 'Jabuticaba được biết đến như một loại nho, nhưng không giống các loại nho chùm mọc trên giàn, loại nho đặc biệt này mọc trên... thân cây và cành cây. Ban đầu những quả Jabuticaba có màu hồng, khi chín thì chuyển dần sang màu tím. Giống cây kỳ lạ này được tìm thấy ở các nước Nam Mỹ như Brazil, Paraguay và Argentina. \r\n\r\nLoại nho mọc trên thân cây này còn nhằm mục đích để những con vật khó có thể leo lên thân cây, vì khi leo lên cây những con vật sẽ gặp phải khó khăn khi đạp phải những quả nho tròn và trơn.\r\n\r\nNhững quả Jabuticaba có màu tím, nhiều nước và có thể ăn ngay khi vừa hái. Ngoài ra Jabuticaba còn được dùng làm mứt hoặc để lên men làm rượu. Quả Jabuticaba khô có thể dùng để chữa bệnh hen và tiêu chảy. Các nhà khoa học đang nghiên cứu về loại quả này và hy vọng có thể dùng nó để chữa bệnh ung thư.', '/resources/images/28.jpg');
INSERT INTO `Products` VALUES ('S13', '2016-12-16 10:05:20', null, 'Cay oi le ruot hong', '150000', 'Lê Đài Loan là giống ổi nhập nội từ Đài Loan, được trồng ở Việt Nam mấy năm gần đây. Ổi Lê Đài Loan có thể trồng bất cứ thời gian nào trong năm với đặc điểm sinh trưởng và phát triển tốt, tỷ lệ đậu trái và năng suất cao, thu hoạch quanh năm, thân cây cứng cáp, khỏe mạnh, khả năng chống chịu tốt, ít sâu bệnh.\r\n\r\nỔi Đài Loan có hình trái lê, vỏ quả màu xanh, thịt quả màu hồng giòn mềm, mùi thơm đặc trưng, vị ngọt thanh.\r\n\r\n', '/resources/images/29.jpg');
INSERT INTO `Products` VALUES ('S14', '2016-12-20 10:06:11', null, 'Cay oi le giong ruot trang cay to', '350000', 'Ổi không chỉ là loại trái cây ngon, phố biến của người Việt mà còn có rất nhiều công dụng: làm đẹp da, ngừa cao huyết áp, giảm ho, ngăn ngừa ung thư, điều trị bệnh tiểu đừơng…\r\n\r\nCây ổi cũng không kén đất trồng. Chúng gần như thích ứng tốt với mọi loại đất từ đất sỏi, đất cát, cát pha, đến đất bazan hay đất thịt cây đều sinh trưởng và phát triển được. Ổi chỉ cần đất không ngập nước và có nước tưới vào mùa khô là được.\r\n\r\nGiống ổi lê Đài Loan thịt dày, giòn, ngọt thanh, trái to và sai trái.\r\n\r\nCây có thể trồng xuống đất hoặc trồng chậu để lấy bóng mát và ăn trái tại nhà', '/resources/images/30.jpg');
INSERT INTO `Products` VALUES ('S15', '2016-12-15 10:07:13', null, 'Cay oi sim ', '150000', 'Đây là loại cây thân gỗ lâu năm, cây chịu được nhiệt độ tốt nên dễ thích nghi với mọi khí hậu.\r\nTrái có hình dáng như trái ồi nhưng kích thước nhỏ như trái dâu và mọc thành từng chùm. Khi trái sống thì vỏ màu xanh, chín chuyển qua màu đỏ sậm, để trái thật chín mới thu hoạch thì mùi rất thơm và ngọt, không có vị chát. Tiếng Anh là Strawberry Guava, Tiếng Việt gọi là \"ổi sim\" hay \"Phan Thạch Lựu\".\r\nTrái cây này có nhiều giá trị dinh dưỡng như các dòng họ berry khác chẳng hạn như Cranberry, blackberry (dâu tằm), blueberry (nam việt quất), strawberry (dâu tây). \r\nCây trồng chậu được, nếu chăm sóc đầy đủ dinh dưỡng cây vẫn cho trái ngon, đẹp.', '/resources/images/31.jpg');
INSERT INTO `Products` VALUES ('S16', '2016-12-06 10:08:05', null, 'Cay oi tim Malaysia', '150000', 'Giống ổi tím có nguồn gốc từ Malaysia. \r\n\r\nVới đặc điểm lá tím, bông tím, trái tím, rễ tím hoàn toàn đặc trưng. Giống ổi này chịu được cả các vùng đất phèn, mặn.<br>Ra bông sau 3-6 tháng từ cây chiếc, nếu cây trồng hạt từ 6 tháng trở lên.\r\n\r\nỔi tím trồng chậu được, chậu có đường kính tối thiểu là 0,4m.\r\n\r\nGiống ổi này đặc biệt ưa nắng nên trồng ở những vị trí có nắng cây sẽ phát triển và cho trái tốt.\r\n\r\nTrái ổi tím khi chín phần ruột sẽ mềm, có hạt. Vị ngon và có mùi đặc trưng.', '/resources/images/32.jpg');
INSERT INTO `Products` VALUES ('S17', '2016-12-15 10:09:11', null, 'Cay phuc bon tu trai vang', '100000', 'Khong co mo ta cho san pham nay', '/resources/images/33.jpg');
INSERT INTO `Products` VALUES ('S18', '2016-12-16 10:10:20', null, 'Cay phuc bon tu trai do', '100000', 'Giúp đẹp da, đen tóc\r\n\r\nVitamin E, carotenoid và các chất flavonoid trong phúc bồn tử có tác dụng giải dị ứng, tiêu viêm, thải độc, bảo vệ da chống lại các tia cực tím làm giảm các vết thâm nám trên da, giúp da đàn hồi, tăng cường tuần hoàn ở các mao mạch ngoại vi, thúc đẩy sự tái tạo các tế bào collagen mới giúp da sáng đẹp. Các hoạt chất này còn ngăn cản sự rụng tóc, chậm bạc tóc.\r\n\r\nChống oxy hóa: quả mâm xôi có vitamin C, flavonoid, acid ellagic, là những chất chống oxy hóa. Acid ellagic có khả năng chống oxy hóa tương đương vitamin E, vì vậy nên ăn quả mâm xôi để chống lão hóa, ngừa bệnh tim mạch, đái tháo đường và ung thư.\r\n\r\nBệnh tiết niệu: xưa kia người ta dùng quả mâm xôi để trị nhiễm trùng đường tiểu, tuy nhiên những thử nghiệm khác không thấy tính kháng khuẩn của dịch quả mâm xôi. Có báo cáo cho rằng nước sắc rễ và lá trị được nhiễm trùng đường tiểu do E. coli.\r\n\r\nTrị sạn thận: mâm xôi làm giảm lượng lớn canxi trong nước tiểu, vì vậy có khả năng chống sạn thận.\r\n\r\nTrị đái tháo đường: Đông y quan niệm đái tháo đường thuộc chứng tiêu khát do chân âm hao tổn. Phế khát gây thích uống nhiều, vị khát gây ăn nhiều không biết no, thận khát sinh ra tiểu nhiều. Quả mâm xôi thanh nhiệt, giải khát, giúp hỗ trợ thanh nhiệt ở các tạng phủ bệnh. Vị ngọt trong quả mâm xôi là fructose, một loại “đường chậm” vì thế người bị đái tháo đường không phải kiêng dùng. Briggs C.J. công bố rằng mâm xôi làm giảm đáng kể glucose huyết ở vật thí nghiệm (Can Pharmaceutical 1997).\r\n\r\nChống ốm nghén: kinh nghiệm dân gian dùng quả mâm xôi cho phụ nữ ốm nghén. Tuy nhiên, với dược học hiện đại, chưa có công bố thử nghiệm về tác hại của quả mâm xôi vào thai nhi, vì vậy, nên cẩn thận khi dùng cho thai phụ.\r\n\r\n', '/resources/images/34.jpg');
INSERT INTO `Products` VALUES ('S19', '2016-12-14 10:12:08', null, 'Cay tac cam thach', '100000', '- Là loại cây vừa dùng làm cảnh vừa ăn trái như tắc thường. Lá có màu xanh viền trắng\r\n- Hoa thường đơn độc, nở xòe 5 cánh màu trắng tươi, rất thơm, chùm nhụy rất ngắn.\r\n- Đậu thành quả hình cầu, lúc còn non màu xanh sọc trắng, khi già chín đổi thành màu vàng cam, rất đẹp.\r\n- Bên trong ruột có nhiều múi màu vàng nhạt, chứa nhiều nước chua gắt  nên thường dùng để làm nước uống với đường rất đã khát hoặc làm mứt để ăn…\r\n- Cây ra trái quanh năm, ưa nắng nên chọn vị trí nhiều nắng để trồng\r\n- Có thể trồng chậu được, chọn chậu trồng có đường kính tối thiểu 30cm.', '/resources/images/35.jpg');
INSERT INTO `Products` VALUES ('S2', '2016-11-06 02:46:52', null, 'Cay cam Cara ruot do khong hat', '290000', 'Tuoi cay 4 nam, cay cao khoang 1m<br>Thoi gian trong thu trai:2 nam<br>Tuoi tho :50 nam<br>Khi hau thich hop : -2 - 40oC.Thich hop o Viet Nam<br>Xuat xu: cam cara co giong tu Uc duoc dua vao Viet Nam va trong thanh cong tai Duc Trong<br>Thong tin dinh duong:<br>&#9679;Ruot co mau cam dam hoi pha mau ca rot, mau nay do chat Lycopene va Carotenoid tao ra.2 chat co tinh chong ung thu va tot cho tim mach.<br>&#9679;Ham luong vitamin C vuot troi 150% so voi cac loai cam vang khac dong thoi vitamin A cung rat cao<br>&#9679;Cam co vi ngot mong nuoc cam chac<br>&#9679;Vo cam co the su dung khi che bien cac mon an, do uong de tao huong vi cam tu nhien <br>Nho uu diem tren ma tre em thuong xuyen an cam nay rat tot.', '/resources/images/36.jpg');
INSERT INTO `Products` VALUES ('S20', '2016-12-30 10:13:05', null, 'Cay xoai tim giong Uc', '55000', 'Xoài tím Úc có trái to tròn, trọng lượng trung bình 800gr/trái. Hương vị ngọt nhẹ, thịt trái cứng chắc, rất ít xơ, khi chín có màu vàng ửng hồng trên u quả rất đẹp.\r\n\r\nTrồng hàng cách hàng 7m, cây cách cây 6m. Mật độ trồng khoảng 240 cây/ha. Đào hố trồng hình vuông, mỗi cạnh 0,5m; chiều sâu hố từ 0,7 – 1m. Định hướng cho bộ rễ ăn sâu xuống dưới, tránh đỗ ngã khi mùa mưa bão tới. Trước khi trồng bón lót 10kg phân hữu cơ với 0,2kg DAP, trộn lẫn với đất trong hố cho đều. Lột bỏ bao nylon, đặt bầu cây con vào hố trồng sao cho mặt bầu cây con ngang bằng mặt hố rồi nén chặt quanh gốc cây và tưới đủ ẩm.\r\n\r\nChú ý tạo hình, bấm ngọn cách gốc 0,7m; chọn 3 chồi khỏe phân bố đều. Khi 3 chồi này được 2 tầng lá, bấm ngọn dưới đọt lá 2. Tương tự như vậy cho các đợt chồi kế tiếp trong khoảng 2 năm đầu.\r\n\r\nTỉa cành thường xuyên sau mỗi vụ thu hoạch xoài. Để trái xoài khi chín có màu ửng hồng đặc trưng, vườn xoài phải luôn thông thoáng để cho ánh nắng rọi vào trái xoài. Bởi nếu thiếu ánh nắng thì xoài khi chín nhưng da vẫn xanh. Do vậy sau mỗi vụ thu hoạch thì bắt buộc phải cắt tỉa bớt cành lá, sau đó mới áp dụng các biện pháp chăm sóc bón phân, tưới nước.\r\n\r\nGiai đoạn 3 năm đầu sau khi trồng dùng phân NPK (20:20:15) để bón cho cây. Hai năm đầu bón 0,5 kg/cây/năm; năm thứ 3 bón 1 kg/cây/năm. Chia làm hai lần bón- mưa giông và đầu mùa mưa chính.\r\n\r\nGiai đoạn thu hoạch trái lượng phân bón theo bảng phía dưới. Chia làm hai lần bón: 2/3 ngay sau thu hoạch và 1/3 khi cây bắt đầu trổ bông.\r\n\r\nKhi cây bắt đầu trổ bông, phun thêm vi lượng chứa Bo để tăng đậu trái. Sau ra hoa một tháng phun thêm phân vi lượng chứa Ca để tránh nứt trái, tăng chất lượng trái, giảm bệnh trên trái. Chú ý phòng trừ các loại sâu bệnh chính trên xoài Úc như sâu, ruồi đục trái, bệnh thán thư… Để phòng trị bệnh sâu ruồi đục trái, trước hết phải gom và hủy bỏ toàn bộ trái rụng, sử dụng các loại thuốc thuộc nhóm lân hữu cơ, carbamate và cúc tổng hợp để phun xịt.\r\n\r\n', '/resources/images/37.jpg');
INSERT INTO `Products` VALUES ('S21', '2016-12-07 15:58:23', null, 'Cay giong chuoi hoa sen', '250000', 'Dáng cây đẹp, có thể trồng chậu lớn hoặc trồng xuống đất.<br>Cây trưởng thành cao 1.2m-1.5. Cây dễ trồng và chăm ra hoa.<br>Cây mẹ sinh ra nhiều cây con, có thể tách cây con ra để trồng cây mới', '/resources/images/38.jpg');
INSERT INTO `Products` VALUES ('S22', '2016-12-07 16:04:57', null, 'Cay bac ha chocolate giong Viet Nam', '590000', 'Dòng họ của bạc hà có nhiều loại, nhưng loại chocolate này có mùi thơm nhất (mùi bạc hà pha lẫn chocolate). Mình thử vuốt nhẹ lá bạc hà này rồi đưa tay lên mũi ngửi ngửi, mùi thơm mát lạnh dễ chịu lắm.\nCây này dễ trồng, có thể để trên bàn làm việc, cách ngày đem ra nắng một chút cho cây xanh tốt. Lá già thì ngắt lá ăn rồi cây lại mọc nhánh mới.<br>Công dụng:\n1. Trị viêm họng, ho: khi có dấu hiệu viêm họng, mỗi buổi sáng ngắt 3 lá nhai, sau 3 ngày sẽ hết. Còn giúp cho hơi thở thơm tho.\n2. Pha trà: bỏ vài lá tươi vào ly rồi chế nước sôi vào, để dành uống trong ngày (giúp tiêu hóa tốt)\n3. Làm bánh, làm kem bạc hà, sinh tố,...: các loại bánh có mùi chocolate đều hợp với mùi của lá bạc hà này\n4.Ngoài ra, còn nhiều công dụng khác cho sức khỏe: mùi thơm của bạc hà giúp thần kinh tỉnh táo, tăng cường trí nhớ, dưỡng da và trị mun, phòng và trị bệnh ung thư,...<br>Order cây bạc hà chocolate tại web: www.rausachonline.vn\n0918 176 316.', '/resources/images/39.jpg');
INSERT INTO `Products` VALUES ('S3', '2016-11-26 02:47:19', null, 'Cay chanh day ( chanh leo ) vang', '100000', 'Chanh dây (chanh leo) có 2 loại chính: trái màu tím và trái màu vàng\r\n\r\nÁnh sáng: chanh dây trồng ở nơi có đầy đủ ánh nắng\r\n\r\nNhiệt độ: cây nhiệt đới, ưa nhiệt độ ấm áp\r\n\r\nĐất trồng: giàu dinh dưỡng, thoát nước tốt. Đất sét dễ gây ra bệnh liên quan đến rễ\r\n\r\nDinh dưỡng: cây phát triển mạnh, nhanh nên cần cung cấp đầy đủ dinh dưỡng\r\n\r\nNước: cây cần nhiều nước, đặc biệt là giai đoạn cây đang ra trái. Tuy nhiên cây cũng không chịu ngập úng nên trồng ở nơi thoát nước tốt.\r\n\r\nThời gian thu hoạch: 6 tháng\r\n\r\nTuổi thọ cây: 5-7 năm. Tuy nhiên 3 năm đầu năng suất cao nhất, sau đó giảm dần.', '/resources/images/40.jpg');
INSERT INTO `Products` VALUES ('S4', '2016-11-10 02:47:47', null, 'Cay chanh ngon tay Uc ( Finger Lime )', '550000', 'Chanh ngón tay Úc (finger lime) có hình dáng dài như ngón tay (khoảng 6cm-12cm), có nhiều màu sắc như xanh, vàng, tím, hồng, đỏ tươi...mỗi màu sắc có hương vị khác nhau. Bên trong có nhiều hạt nhỏ mọng nước hình dáng như trứng cá hồi. Giống Byron Sunrise vỏ  màu nâu và bên trong đỏ cam như ánh bình minh nên có tên gọi là Sunrise.\r\n\r\nTrong môi trường tự nhiên, cây có thể cao đến 6 mét. Cây thích hợp nhiều vùng khí hậu khác nhau.\r\n\r\nCây giống được ghép với giống chanh thường giúp cây sinh trưởng khỏe và thích hợp vớ điều kiện thổ nhưỡng ở Việt nam. Cây nhập về đã được chọn lọc cây khỏe và chăm sóc cho phát triển ổn định mới xuất bán nên hoàn toàn yên tâm cây sống tốt ở VN.\r\n\r\nĐất trồng phải thoát nước tốt, độ PH từ 5-6.5\r\n\r\nNếu trồng để lấy trái thương mại thì nên chắn bớt gió vì cây có nhiều gai, gió có thể làm gai đâm vào trái làm trầy xước vỏ (ảnh hưởng đến hình thức làm giảm giá bán).\r\n\r\nĐối với những vùng khí hậu có 4 mùa thì không nên trồng vào mùa rét, tốt nhất là bắt đầu trồng vào mùa thu. Trong năm đầu tiên thì cây con chưa phát triển nhiều, cần phải giữ ẩm gốc. Khi cây có quả bói thì cắt bỏ để dưỡng cho cây phát triển tốt.\r\n\r\nCây có thể trồng chậu được, cho trái tốt nếu cung cấp đầy đủ dinh dưỡng cần thiết cho cây.\r\n\r\nNếu trồng vườn thì khoảng cách giữa các cây là 2.5m-3m. Khoảng cách hàng từ 4m-5m. Trung bình khoảng 600-800 cây/ha. Một số nhà vườn có thể thu hoạch trái 3 vụ/năm tùy theo tình hình thời tiết.\r\n\r\nCách chế biến: \r\n\r\nNgoài việc làm nước uống như các loại chanh bình thường khác, do tép chanh có hình dáng và màu sắc đẹp và có mùi thơm đặc trưng nên được các đầu bếp ứng dụng trong rất nhiều món ăn khác nhau: trộn salad, rắc vào các món hải sản (đánh bật mùi tanh của hải sản), làm topping cho các món kem, món tráng miệng, pha cocktail,....và các bạn cũng có thể tự sáng tạo các món ăn khác cho riêng mình', '/resources/images/41.jpg');
INSERT INTO `Products` VALUES ('S5', '2016-10-30 02:48:20', null, 'Cay chanh ngon tay Uc ( finger lime ) - Collette', '550000', 'Chanh ngón tay Úc (finger lime) có hình dáng dài như ngón tay (khoảng 6cm-12cm), có nhiều màu sắc như xanh, vàng, tím, hồng, đỏ tươi...mỗi màu sắc có hương vị khác nhau. Bên trong có nhiều hạt nhỏ mọng nước hình dáng như trứng cá hồi. Giống Collette vỏ đen tím, da láng, bên trong có màu xanh đậm mùi vị rất thơm, được các đầu bếp đánh giá là loại \"cao cấp\". Cây sai trái và cho thu hoạch quanh năm\r\n\r\nTrong môi trường tự nhiên, cây có thể cao đến 6 mét. Cây thích hợp nhiều vùng khí hậu khác nhau.\r\n\r\nCây giống được ghép với giống chanh thường giúp cây sinh trưởng khỏe và thích hợp vớ điều kiện thổ nhưỡng ở Việt nam. Cây nhập về đã được chọn lọc cây khỏe và chăm sóc cho phát triển ổn định mới xuất bán nên hoàn toàn yên tâm cây sống tốt ở VN.\r\n\r\nĐất trồng phải thoát nước tốt, độ PH từ 5-6.5\r\n\r\nNếu trồng để lấy trái thương mại thì nên chắn bớt gió vì cây có nhiều gai, gió có thể làm gai đâm vào trái làm trầy xước vỏ (ảnh hưởng đến hình thức làm giảm giá bán).\r\n\r\nĐối với những vùng khí hậu có 4 mùa thì không nên trồng vào mùa rét, tốt nhất là bắt đầu trồng vào mùa thu. Trong năm đầu tiên thì cây con chưa phát triển nhiều, cần phải giữ ẩm gốc. Khi cây có quả bói thì cắt bỏ để dưỡng cho cây phát triển tốt.\r\n\r\nCây có thể trồng chậu được, cho trái tốt nếu cung cấp đầy đủ dinh dưỡng cần thiết cho cây.\r\n\r\nNếu trồng vườn thì khoảng cách giữa các cây là 2.5m-3m. Khoảng cách hàng từ 4m-5m. Trung bình khoảng 600-800 cây/ha. Một số nhà vườn có thể thu hoạch trái 3 vụ/năm tùy theo tình hình thời tiết.\r\n\r\nCách chế biến: \r\n\r\nNgoài việc làm nước uống như các loại chanh bình thường khác, do tép chanh có hình dáng và màu sắc đẹp và có mùi thơm đặc trưng nên được các đầu bếp ứng dụng trong rất nhiều món ăn khác nhau: trộn salad, rắc vào các món hải sản (đánh bật mùi tanh của hải sản), làm topping cho các món kem, món tráng miệng, pha cocktail,....và các bạn cũng có thể tự sáng tạo các món ăn khác cho riêng mình', '/resources/images/42.jpg');
INSERT INTO `Products` VALUES ('S6', '2016-12-07 09:56:45', null, 'Cay chanh tu quy', '80000', 'Cây chanh tứ quý còn được gọi với tên khác là chanh tứ thời, chanh 4 mùa, là loại cây họ bưởi có nguồn gốc từ chang Lim Ca Châu Mỹ.\r\n\r\nChanh rất sai trái và cho trái quanh năm, chính vì vậy mà gọi là loại chanh bốn mùa. Trái nhiều nước, thơm và không có hạt.\r\n\r\nCây chanh là loại cây lâu năm, thời gian cho trái từ 15-20 năm. Cây dễ thích nghi với nhiều loại đất ở Việt Nam.\r\n\r\n', '/resources/images/43.jpg');
INSERT INTO `Products` VALUES ('S7', '2016-12-07 09:57:58', null, 'Cay chanh Uc khong hat', '180000', 'Cây đang có sẵn trái\r\nƯu điểm: thân không gai tiện chăm sóc, trái mọc thành chùm to nhất gần bằng trái cam, vị chua, dùng làm nước uống rất thơm, lá ăn được, hoa tím và có mùi thơm nồng.\r\n- Cây ưa nắng nên nắng càng mạnh cây phát triển càng tốt.\r\n- So với các giống thường thì giống này có ưu điểm, đậu trái nhiều, dễ đậu trái. Thích hợp trồng chậu.\r\n- Giống này dễ trồng, dễ chăm sóc.', '/resources/images/44.jpg');
INSERT INTO `Products` VALUES ('S8', '2016-12-23 09:59:16', null, 'Cay cherry Brazil ( anh dao )', '290000', 'Cây Cherry có nguồn gốc từ Brazil trái có vị ngọt, thịt mềm, chín màu tím đen.\r\n\r\nĐây là cây nhiệt đới nên thích hợp với điều kiện khí hậu ở VN. \r\n\r\nThích nghi với nhiều loại đất khác nhau, chịu hạn tốt. Trồng ở nơi có nắng đầy đủ hoặc một phần bóng râm.\r\n\r\n Cây trưởng thành cao khoảng 4m.Lợi ích của trái cherry\r\n\r\n1. Tăng năng lượng cho cơ thể\r\n\r\nTiêu thụ cherry sẽ giúp tăng năng lượng trong cơ thể bạn một cách tự nhiên. Phần lớn lượng calo trong trái này có được từ các loại đường tự nhiên, giúp thúc đẩy tâm trạng vui vẻ và tăng năng lượng trong cơ thể bạn. Nếu cảm thấy mệt mỏi, hãy ăn một vài quả cherry tươi bạn sẽ cảm thấy hưng phấn hơn nhiều.\r\n\r\n2. Giúp ngủ ngon hơn\r\n\r\nHãy ăn cherry thường xuyên để cải thiện tình trạng mất ngủ. Cherry chứa melatonin làm cho giấc ngủ sâu và ngon hơn. Đừng vội uống thuốc an thần vì nó có thể gây ra một tác dụng phụ khiến bạn khó chịu. Thay vào đó hãy cố gắng ăn vài trái cherry mỗi ngày sẽ đem lại cho bạn giấc ngủ chất lượng hơn nhiều.\r\n\r\n3. Tốt cho mắt\r\n\r\nHàm lượng vitamin A trong cherry nhiều hơn khoảng 20 lần so với dâu tây hay việt quất. Một lý do tuyệt vời để ăn cherry mỗi ngày là chúng rất tốt cho đôi mắt của bạn. Cherry chứa nhiều vitamin A và một phần của vitamin này là beta carotene giúp thúc đẩy tầm nhìn tốt và giữ cho đôi mắt của bạn khỏe mạnh. Retinol là một phần của vitamin A còn giúp làn da mịn màng, đàn hồi tốt. \r\n\r\n4. Ngăn ngừa ung thư\r\n\r\nTiêu thụ cherry thường xuyên có thể giúp chống lại một số loại ung thư. Cherry chứa chất chống oxy hóa mạnh mẽ làm giảm nguy cơ ung thư và chậm quá trình lão hóa. Hãy bổ sung thêm loại quả này vào chế độ ăn để có được sức khỏe dẻo dai.\r\n\r\n5. Cải thiện tiêu hóa\r\n\r\nDo hàm lượng chất xơ cao, cherry giúp cải thiện hệ thống tiêu hóa và giảm nồng độ cholesterol. Bạn không cần phải ăn quá nhiều cherry, chỉ ít thôi là đủ. Hàm lượng chất xơ trong trái cây này chiếm khoảng 1/4 tổng nhu cầu xơ trong ngày của bạn.\r\n\r\n6. Chữa đau và giảm sưng\r\n\r\nCherry là một nguồn cung cấp dồi dào anthocyanins. Chất này được chứng minh có thể giúp giảm đau, sưng đối với các bệnh mãn tính, bao gồm cả gút và viêm khớp. Nếu bạn bị đau khớp, hãy cố gắng ăn một ít cherry mỗi ngày thay vì uống thuốc. Loại trái này cũng được chứng minh giúp giảm đau bụng kinh.\r\n\r\n7. Ngăn ngừa chuột rút (vọp bẻ)\r\n\r\nChuối có nhiều kali hơn cherry chín, nhưng không phải ai cũng thích chuối. Nếu không ưa chuối, bạn vẫn dễ dàng có được lượng kali cần thiết khi ăn cherry. Chất này giúp giảm và ngăn ngừa chuột rút, vì vậy đây là một ý tưởng tốt nếu bạn ăn cherry trước và sau khi tập thể dục. Bạn cũng có thể uống nước ép cherry nếu muốn.\r\n\r\n8. Cải thiện chức năng não \r\n\r\nNếu cảm thấy thỉnh thoảng hay quên, cherry có thể giúp đỡ bạn tránh tình trạng bị mất trí nhớ không liên quan đến tuổi tác. Cherry được biết đến là \"thực phẩm bổ não\" vì nó có chứa nhiều chất chống oxy hóa mạnh anthocyanins. Đây là một chất tuyệt vời dành cho não bộ. Mỗi bữa ăn có một ít cherry sẽ giúp cải thiện sức mạnh não bộ của bạn.\r\n\r\n9. Tốt cho tim\r\n\r\nCác loại thực phẩm tốt cho tim luôn luôn là một món ăn tuyệt vời. Cherry được chứng minh làm giảm nguy cơ bệnh tim và rất tốt cho sức khỏe tổng thể.\r\n\r\n10. Có tính kháng viêm cao\r\n\r\nMột trong những lợi ích sức khỏe quan trọng nhất của việc ăn quả cherry là đặc tính kháng viêm mạnh mẽ. Đây là tin vui cho những bệnh nhân viêm khớp và các vận động viên, những người dễ bị đau sau khi tập luyện. Nếu bạn đang gặp phải các vấn đề viêm, hãy uống nước trái cây cherry pha loãng 3 lần mỗi ngày nhé.\r\n\r\n(Trích nguồn vnexpress.net)', '/resources/images/45.jpg');
INSERT INTO `Products` VALUES ('S9', '2016-12-05 10:00:56', null, 'Cay chuoi tim giong Uc', '25000', 'Cây trưởng thành cao từ 3,5m-4m, buồng hình trụ, quả chuối hơi cong và to.\r\n\r\nTừ khi quả còn xanh đến khi quả chín có vỏ màu tím, thịt quả bên trong có màu trắng vàng, dẻo, ngọt và có mùi thơm.\r\n\r\nThân và cuống lá màu tím, lá màu xanh. Trung bình 1 buồng có 12-15 nải. Thời gian từ khi trổ cờ đến khi quả chín khoảng 5 tháng. Cây sinh trưởng khỏe, ít sâu bệnh.\r\n\r\nCây được nhân giống bằng phương pháp cấy mô.\r\n\r\n', '/resources/images/46.jpg');
